Price,Close,High,Low,Open,Volume
Ticker,GOOGL,GOOGL,GOOGL,GOOGL,GOOGL
Date,,,,,
2020-01-02,67.96524047851562,67.96524047851562,66.86334321576778,66.95868630395924,27278000
2020-01-03,67.60968017578125,68.21699501628234,66.90454453964605,66.9383158243975,23408000
2020-01-06,69.4117660522461,69.43708883609668,67.08729816087028,67.11857657252054,46768000
2020-01-07,69.27767944335938,69.69430813422605,69.1013974302101,69.54334890156011,34330000
2020-01-08,69.77078247070312,70.10894997178289,69.15453414305767,69.26328117365361,35314000
2020-01-09,70.50323486328125,70.94468628827275,70.0275120595761,70.60949659555637,33200000
2020-01-10,70.9585952758789,71.25555076930975,70.49380624465894,70.98392563781249,26258000
2020-01-13,71.50830078125,71.5802987088555,70.78032005165358,71.27093190331932,30730000
2020-01-14,71.0395278930664,71.63740160436679,70.89948731348015,71.50680213300282,26076000
2020-01-15,71.46709442138672,71.54555565887044,71.09267785074252,71.16021285892141,21550000
2020-01-16,72.0113296508789,72.03814512752133,71.50680619446874,71.77743868365702,26080000
2020-01-17,73.46927642822266,73.52042208698715,72.32864488929332,72.6260928863984,52424000
2020-01-21,73.60484313964844,73.9837301623698,73.00696178186003,73.44345017940596,48930000
2020-01-22,73.68527221679688,74.51505165919902,73.62519312703597,73.97627202033674,28458000
2020-01-23,73.72599792480469,74.16348648276097,73.50899638662688,73.86802372289836,26650000
2020-01-24,72.80635070800781,74.19824756618672,72.65786918227317,74.12971996265826,29786000
2020-01-27,71.09615325927734,71.33699250078811,70.48883829793303,71.08671972598552,34132000
2020-01-28,72.02821350097656,72.24173713836646,71.02810757836856,71.59321023544943,29724000
2020-01-29,72.33609008789062,72.70554357944198,71.77446531610946,72.42348475495831,21566000
2020-01-30,72.21443176269531,72.26408472389092,71.25852322835154,71.41246028918627,27110000
2020-01-31,71.14827728271484,72.98014026995669,70.86423327330586,72.8902603105145,43822000
2020-02-03,73.62222290039062,73.80596084309201,72.33162467760039,72.58189744131957,71636000
2020-02-04,71.77545166015625,72.86443730740805,70.61446051188975,72.22634415188331,95880000
2020-02-05,71.80723571777344,72.72738774441514,70.99434560329382,72.67921990211404,36376000
2020-02-06,73.29297637939453,73.57056463841289,72.02720877308154,72.1016919882078,37822000
2020-02-07,73.44891357421875,73.75380988182637,72.76860814708976,72.866929041931,28360000
2020-02-10,74.91629791259766,74.92722414087224,73.25476107852305,73.3555672789149,38302000
2020-02-11,74.9858169555664,75.97003370117069,74.7568965647971,75.14521713630961,34852000
2020-02-12,75.41139221191406,75.49431637909942,74.91680229151416,75.27383690022886,31042000
2020-02-13,75.15116882324219,75.77486540861928,74.68487960808152,74.98282764946256,22914000
2020-02-14,75.41634368896484,75.48189347519363,74.76185358549893,75.20778307563144,23198000
2020-02-18,75.45159912109375,76.00379033131755,75.03298520442388,75.19834857469563,25642000
2020-02-19,75.72123718261719,76.01272951679007,75.52807331271677,75.83694001450749,22746000
2020-02-20,75.32994079589844,75.83048626235644,74.69779566759601,75.43024689467184,25962000
2020-02-21,73.66492462158203,75.03001360117807,73.41812977284052,74.71369096599916,42520000
2020-02-24,70.5067138671875,71.32705999683778,69.85769434365108,70.6651214576265,49560000
2020-02-25,68.84119415283203,71.35038478690109,68.54821669209058,71.0598926260904,51580000
2020-02-26,69.04727172851562,70.19932951834674,68.35604008547062,69.27122908358415,49776000
2020-02-27,65.29713439941406,68.00098920954161,65.26187799484646,67.49150271843352,62290000
2020-02-28,66.50381469726562,66.66271477222554,62.97614362297551,63.279054704787185,80198000
2020-03-02,68.84119415283203,68.89829543416829,65.80612769225289,67.10665938377004,55430000
2020-03-03,66.4278335571289,69.92719618427,66.00673437386882,69.40529839669307,56602000
2020-03-04,68.60681915283203,68.66541313679936,66.39209082387919,67.48256934329274,47598000
2020-03-05,65.28770446777344,67.21789611582923,64.63619971791267,66.81665653912074,54380000
2020-03-06,64.34321594238281,64.69130946412695,62.42991012561368,63.06254774883927,64640000
2020-03-09,60.37310028076172,62.20744866995912,59.491678793315025,59.83530940093405,69252000
2020-03-10,63.32176208496094,63.35552958358922,60.309536783505585,62.28988142761889,54872000
2020-03-11,60.13027572631836,62.41601307418606,59.149044380653855,61.98598038056029,54732000
2020-03-12,55.19680404663086,59.03036438398447,55.04385958424716,55.746513797893854,94326000
2020-03-13,60.29762268066406,60.304078399115795,55.23354724050497,58.347075086419736,79400000
2020-03-16,53.282508850097656,56.88118556909071,52.9885349713361,54.107317834506155,96520000
2020-03-17,55.520076751708984,55.91435675345226,52.09569672522994,54.15846940339358,83194000
2020-03-18,54.18577575683594,54.87104797762396,51.494832347256526,52.63397869009644,93044000
2020-03-19,55.20276641845703,57.23574584400047,52.415987080198555,54.03829715284141,74064000
2020-03-20,53.044647216796875,56.534080583243956,52.741239806771596,56.15767505901044,82878000
2020-03-23,52.3454704284668,52.98009332639704,50.09797110911301,52.4567027625557,83672000
2020-03-24,56.11348342895508,56.278346728286216,53.94940826263607,54.820900000657495,72468000
2020-03-25,54.703704833984375,56.91594391981893,53.779578586585835,55.84384002725429,90324000
2020-03-26,57.747711181640625,58.17278085954438,54.22749185912014,55.35421936182012,76562000
2020-03-27,55.13274383544922,57.15827471437064,54.8218881164996,55.987349858557536,62794000
2020-03-30,56.92289352416992,57.155788104039814,54.548272761585835,56.24407702996615,58736000
2020-03-31,57.69953918457031,58.26811596366001,56.446678999724746,57.04306764962275,65228000
2020-04-01,54.727535247802734,56.08417939198455,54.299984103804036,55.815035808554676,51970000
2020-04-02,55.46892547607422,55.75395831834769,54.282111383746546,54.623256692650074,56410000
2020-04-03,54.2607536315918,55.55631850299663,53.385791673504606,55.35371730864713,51374000
2020-04-06,58.75426483154297,59.12967394143152,55.86469442701292,56.26195599169851,63320000
2020-04-07,58.722984313964844,60.62089746753243,58.45930381065888,60.43368540886974,61620000
2020-04-08,59.93661117553711,60.3289059468666,58.79200545437825,59.74294719569394,40334000
2020-04-09,59.915260314941406,60.680979023435626,59.2126060981998,60.4917855481778,54028000
2020-04-13,60.10594177246094,60.3100356670181,58.711559676495355,59.663493971680225,38702000
2020-04-14,62.82817077636719,63.350564947040326,61.00623363759853,61.573821626847455,63358000
2020-04-15,62.434391021728516,63.31879042466128,61.277370091820224,61.89858528935915,42236000
2020-04-16,62.44084548950195,63.23189083341399,61.48593322990956,62.92302028028074,57896000
2020-04-17,63.5119514465332,64.05818325924749,62.866402347873645,63.64602504685049,51050000
2020-04-20,62.62556838989258,63.40370224725439,62.39168118173137,63.05957530501891,35292000
2020-04-21,60.19284439086914,62.07188272751854,59.83729494932787,61.709881356272376,49648000
2020-04-22,62.489505767822266,63.55565024230453,61.4362689416713,61.63042922031265,46296000
2020-04-23,63.12313461303711,63.96632194128163,62.594781016508605,62.853494700717256,34202000
2020-04-24,63.39277648925781,63.44789635340978,61.773940668732926,62.320172498657115,37402000
2020-04-27,63.10773849487305,64.2617815012073,62.81972404558168,64.15749740277272,44186000
2020-04-28,61.20734786987305,63.79797764528471,61.09760444603932,63.72051660190071,80700000
2020-04-29,66.6493148803711,67.54165883951754,65.88210729515733,66.78934790045282,108358000
2020-04-30,66.87377166748047,67.03764236919471,65.62240022165767,66.11202711739323,55842000
2020-05-01,65.4148178100586,67.10864053609349,65.03444570950143,65.75100006817652,48872000
2020-05-04,65.69190979003906,65.76987849801317,64.35662178892676,64.95847353570845,30806000
2020-05-05,66.98896026611328,68.08093128907053,66.29425835464866,66.41690941525768,39666000
2020-05-06,66.81069946289062,67.96573507924788,66.79580281692043,67.43489620672509,31732000
2020-05-07,67.99502563476562,68.32873019206323,67.16376099800789,67.59925677309654,30652000
2020-05-08,68.74288177490234,69.35366703992099,68.13060381431362,68.61774539246635,33326000
2020-05-11,69.69877624511719,70.29168699319136,68.30390161747533,68.36795870966984,32718000
2020-05-12,68.28801727294922,70.23210545562377,68.25474607445942,69.92870182776481,33918000
2020-05-13,66.95470428466797,68.79203814843098,65.9456648705068,68.3366751009286,40368000
2020-05-14,67.37828063964844,67.4036034198164,65.71177347406983,66.21927472185273,36660000
2020-05-15,68.1827392578125,68.25821509516415,66.49140158987903,66.95123515491863,41544000
2020-05-18,68.78459930419922,69.16100108573535,67.24620591288222,67.61268164695454,47094000
2020-05-19,68.2492904663086,69.147590192923,68.21751195986072,68.79949658629087,31586000
2020-05-20,69.9753646850586,70.11788298668955,68.8958126076026,68.98221465946594,38262000
2020-05-21,69.85569763183594,70.337868556823,69.24192704274618,70.06624345555898,30894000
2020-05-22,70.17797088623047,70.36467903297583,69.31939073428819,69.71416696713506,28544000
2020-05-26,70.58169555664062,71.76056896954258,70.48387474228068,71.60414659218806,44590000
2020-05-27,70.5275650024414,70.77933044570575,69.25236359877518,70.51366096089717,31684000
2020-05-28,70.42626190185547,71.72827870282323,69.47482393143548,69.52050647162248,35170000
2020-05-29,71.18502044677734,71.3444205942367,70.31402900548571,70.535000935911,37044000
2020-06-01,71.25205993652344,71.58526438280663,70.62687065027382,70.7967045208592,25162000
2020-06-02,71.62152099609375,71.65578479748356,70.59360695439943,71.25852322228091,23442000
2020-06-03,71.46957397460938,71.9542302498002,71.09068692452351,71.64089299313672,27732000
2020-06-04,70.2306137084961,71.572365163048,69.81895555154722,71.34691509398992,26982000
2020-06-05,71.50780487060547,71.81965699433553,69.8988988668523,70.29715305504027,42642000
2020-06-08,71.90605926513672,71.9537270182775,70.73612696690151,70.82551442260042,33878000
2020-06-09,72.10667419433594,72.88729335135558,71.62400313135672,71.76702155043542,33624000
2020-06-10,72.73335266113281,73.13408456859595,72.21989572507418,72.57494508918839,31762000
2020-06-11,69.61485290527344,72.08283134805066,69.44154870912836,71.55794816007574,47144000
2020-06-12,70.16209411621094,71.23419808106286,68.81537962995735,70.8046578832885,36676000
2020-06-15,70.55039978027344,70.76193818640867,68.88488527437143,68.99860289022061,30468000
2020-06-16,71.82808685302734,72.35941817217935,70.96007319234404,71.95371572332012,30648000
2020-06-17,72.1295166015625,72.60920983291969,71.2649807086044,72.14938384823937,30610000
2020-06-18,71.21482849121094,72.15086981349691,70.82352252928263,71.99594014241761,34862000
2020-06-19,70.74407958984375,71.73027401225617,70.46400595064995,71.50681672541624,52784000
2020-06-22,72.03616333007812,72.05056746369593,70.47344743240869,70.76245451523369,29442000
2020-06-23,72.69759368896484,73.25475551732394,71.75509670337894,72.10269773253596,37752000
2020-06-24,71.14431762695312,73.2840550326423,71.01024022660584,72.66284363578038,31592000
2020-06-25,71.56143188476562,71.62201107158246,70.49081315049759,71.07081245432276,23958000
2020-06-26,67.66033935546875,71.3588295538996,67.2859228390437,71.14083539885146,97640000
2020-06-29,69.37997436523438,69.42119397415527,67.11956375249905,67.55108911052362,45074000
2020-06-30,70.41682434082031,70.71228711438161,68.87148296157532,69.36558030991503,40286000
2020-07-01,71.60612487792969,71.92791062096299,70.22465415984608,70.4724491856165,42182000
2020-07-02,72.9930648803711,73.91620239471897,72.05652341416425,72.09476521463468,57218000
2020-07-06,74.46887969970703,74.98283672357624,73.34314484733716,73.89782139127526,44712000
2020-07-07,73.9857177734375,75.54496324835658,73.97479154544571,74.29409199452601,42364000
2020-07-08,74.66502380371094,75.04093299056807,74.10389158017398,74.5259833977762,31766000
2020-07-09,75.41287231445312,75.9332850768622,74.26727774875336,74.97936170940798,41836000
2020-07-10,76.42340850830078,76.53911136062698,74.52202496840695,75.14422899077879,35918000
2020-07-13,75.09357452392578,78.2781076228488,74.81201579568408,76.9661571516268,42954000
2020-07-14,75.5221176147461,75.6184533024254,73.78758272277796,74.12823553437825,38108000
2020-07-15,75.3244857788086,76.29032041143122,74.37851081631317,75.63980824059549,31026000
2020-07-16,75.2271499633789,75.27631040859266,73.90377320654089,74.56074103049501,26484000
2020-07-17,75.32298278808594,75.64973152438543,74.3919045997298,75.3259606016278,34264000
2020-07-20,77.65640258789062,77.91313106864892,74.62034318261358,75.23112844043321,30166000
2020-07-21,77.26310729980469,78.80894879349559,77.09923661453773,78.70864268855435,27486000
2020-07-22,77.70655059814453,77.81231981573042,76.6329540174062,77.25268025403719,24482000
2020-07-23,75.31803131103516,77.97967420323847,74.9128212932164,77.76018733787036,33910000
2020-07-24,74.89395141601562,75.25247869252917,73.87001533571343,74.44604426009818,29902000
2020-07-27,75.94768524169922,76.35140257246336,75.09854602904528,75.14472866696514,27124000
2020-07-28,74.66751098632812,75.77784905273722,74.5120812359818,75.72769600259622,30910000
2020-07-29,75.65370178222656,76.14133579722454,74.63572144968626,74.7345424271181,22676000
2020-07-30,76.39163970947266,76.51677611084395,74.24643126801739,74.3854717139855,36042000
2020-07-31,73.88788604736328,74.73554004885563,72.20201157644132,74.33977117600368,91468000
2020-08-03,73.63016510009766,74.37353500496488,73.08194428652723,74.03934550111532,45482000
2020-08-04,73.16041564941406,74.14413238739472,72.70008952876273,73.82632460364309,37212000
2020-08-05,73.44792175292969,73.98968686206358,73.05711589231713,73.33520430169227,29134000
2020-08-06,74.73206329345703,74.79761308231619,73.09088631186657,73.30193223362062,33306000
2020-08-07,74.40531921386719,75.48387877720482,73.80446006410948,74.93516546369514,27718000
2020-08-10,74.3283462524414,74.84130303996274,73.36845981921181,74.029405602229,20546000
2020-08-11,73.5199203491211,75.00468242533746,73.40322491329817,74.18830688826631,31098000
2020-08-12,74.84577941894531,75.06576635475058,73.74139696217233,73.84667366406597,22512000
2020-08-13,75.31304931640625,76.32209621249444,74.89394289666885,74.89394289666885,22388000
2020-08-14,74.71617126464844,75.46898226110748,74.43659775064937,75.16209317896015,21942000
2020-08-17,75.2927017211914,75.66712584393001,74.73455480772037,75.27929776949405,19990000
2020-08-18,77.25615692138672,77.33511065944776,75.56234161741558,75.78331358124228,28378000
2020-08-19,76.70148468017578,77.90568079562073,76.47256428980408,77.09278306490951,30472000
2020-08-20,78.27264404296875,78.46730061837314,76.19745643732924,76.4710667502079,26382000
2020-08-21,78.23888397216797,79.04879629821302,77.58042340984966,78.05166813375689,34838000
2020-08-24,78.714599609375,79.88800981322825,78.21256140841734,79.07808990589221,25638000
2020-08-25,79.74250793457031,79.89296708362019,78.35358139397559,78.46382111596415,25150000
2020-08-26,81.64338684082031,82.07342705625949,79.50067197158586,79.76484873330355,52188000
2020-08-27,80.86824035644531,81.835067467171,80.38606187388179,81.76653986964281,31350000
2020-08-28,81.41000366210938,81.50534674275372,80.72374261037626,80.91542137625561,22418000
2020-08-31,80.91839599609375,81.66176587955309,80.70983538327083,81.61558324793981,26422000
2020-09-01,82.18714904785156,82.39273186560406,80.9184033108712,81.04900280397094,22652000
2020-09-02,85.28131103515625,85.71382904203695,82.4409008328624,82.82922141263586,49522000
2020-09-03,80.91739654541016,84.41775179445344,79.8348590822896,84.3939141329665,63726000
2020-09-04,78.5189437866211,81.1895197719061,76.37175074598551,79.89892171480436,55850000
2020-09-08,75.65817260742188,77.24472590354466,75.30560099876475,75.72769280921055,54032000
2020-09-09,76.83158111572266,77.40213927240504,75.73613218629315,76.91450526534724,39242000
2020-09-10,75.77983856201172,78.14403332463914,75.47941275782985,76.97807902829125,33024000
2020-09-11,75.26887512207031,76.40801406365915,74.13966222770462,75.88413093006473,30706000
2020-09-14,74.92473602294922,77.31673886317127,74.74001306241624,76.05791920997855,42660000
2020-09-15,76.23023223876953,77.01829969804521,75.58369807634028,75.87121244803245,23042000
2020-09-16,75.08662414550781,77.18614209314343,75.06179387507046,76.59571660244501,22128000
2020-09-17,73.84269714355469,74.41971865207923,72.62211931019694,73.78161786394368,40008000
2020-09-18,72.05750274658203,74.24790053611717,71.09067564976073,73.9052625534038,63056000
2020-09-21,71.01719665527344,71.50979377027438,69.6536003098888,71.0906872863727,56908000
2020-09-22,72.49102020263672,72.69710310272775,70.98540572132968,72.01927539504912,33950000
2020-09-23,69.98678588867188,72.15632383261017,69.6535890139561,72.10716338954937,37726000
2020-09-24,70.65567016601562,71.40698840431332,69.6272637368237,69.65358669821632,34552000
2020-09-25,71.46014404296875,71.80178191544255,69.9018910321902,70.76444179627218,30326000
2020-09-28,72.43341827392578,73.14500968683816,71.81866263728527,73.09535672581238,30784000
2020-09-29,72.79888916015625,73.0958370034128,72.2020005060982,72.69411256468415,31816000
2020-09-30,72.77804565429688,73.80098915091598,72.28941896718779,72.54663995974896,40924000
2020-10-01,73.8853988647461,74.24144839111797,73.33420025236212,73.67485304245847,32884000
2020-10-02,72.2814712524414,73.44494787809407,71.8717983052176,72.4815909596404,31222000
2020-10-05,73.63363647460938,73.72649424598391,72.50442384220007,72.63154541138412,21602000
2020-10-06,72.05403900146484,73.71756095605366,71.7555984119484,73.26965381491353,26096000
2020-10-07,72.45726013183594,72.94539430554703,71.1706323457871,72.46570105992748,36108000
2020-10-08,73.6634292602539,73.89184952600075,72.77058531432361,72.77058531432361,26076000
2020-10-09,75.00518035888672,75.07470056543451,73.84071121636063,74.13170347927738,32966000
2020-10-12,77.69364166259766,78.87697791738763,75.94122471846515,76.3732501983166,55344000
2020-10-13,77.81678009033203,78.71508712820557,77.39767369347942,78.31037728461482,39072000
2020-10-14,77.63653564453125,78.65004562010033,76.76554399767635,78.19071970768324,33174000
2020-10-15,77.24075317382812,78.03179833233763,76.52866932334675,76.69601031632256,31210000
2020-10-16,77.84807586669922,78.34514345056063,77.34951558739077,77.55658351214443,34194000
2020-10-19,75.97350311279297,78.654020527849,75.62441694848839,78.25675894228921,29734000
2020-10-20,77.02276611328125,78.1529714473702,75.50424022967013,75.63384710979612,41670000
2020-10-21,78.75630950927734,80.20383009011108,77.82026822454186,77.95483812956394,60322000
2020-10-22,79.7827377319336,80.11841996427584,78.3337319078232,78.7071558493275,30512000
2020-10-23,81.08971405029297,81.14632281760413,80.04342551674175,80.19935535511631,30548000
2020-10-26,78.67189025878906,80.92087457366932,77.85204435340098,80.19687183701743,35826000
2020-10-27,79.39640045166016,79.5513301261755,78.30939985271544,78.90231064798252,25902000
2020-10-28,75.0225601196289,77.15832688244774,74.90735737417214,76.96963351424793,45174000
2020-10-29,77.310791015625,78.89287411467878,75.30810114143328,75.3314387178596,55406000
2020-10-30,80.25199127197266,83.49016299701641,79.52997371419903,82.80091654542893,99878000
2020-11-02,80.65968322753906,82.34406497588512,80.1591301740816,80.6209489181996,44228000
2020-11-03,81.71936798095703,82.38179892514135,80.05336078632573,80.97947599539556,31432000
2020-11-04,86.6945571899414,87.89527527985078,84.56673131281617,84.69484549165698,71342000
2020-11-05,87.5213623046875,88.97732390790966,86.45521397761841,87.91613860412481,39758000
2020-11-06,87.38380432128906,87.8193000919502,86.23919489785555,86.96717561402848,28622000
2020-11-09,87.46772766113281,90.22222819928155,87.27555637680663,89.183895577736,53440000
2020-11-10,86.29084777832031,87.36642960090843,85.2182437695995,85.89607149256915,43022000
2020-11-11,86.76309204101562,87.54121828786089,86.55601653319594,86.82118593096598,31838000
2020-11-12,86.54409790039062,87.64450998714952,86.30325868083496,86.5033783796767,26474000
2020-11-13,88.00601196289062,88.24784377851638,86.20444222324774,86.80132339394905,29744000
2020-11-16,88.09390258789062,89.10244941322239,87.46325015957001,87.60279065673996,25468000
2020-11-17,87.4796371459961,88.24833735543017,87.37188272826951,87.78751124071985,21314000
2020-11-18,86.43585205078125,87.64551138386834,86.33306063406765,87.23037529814633,20108000
2020-11-19,87.32620239257812,87.57051951755538,85.90848264103154,86.06788281961194,20106000
2020-11-20,86.22429656982422,87.81234256924863,86.15576897220802,87.49652005750151,27694000
2020-11-23,85.78632354736328,86.70151257860655,84.92328035546011,86.4149908162109,22530000
2020-11-24,87.59087371826172,87.71898790033936,85.44715853732825,85.78334081970468,27984000
2020-11-25,87.60230255126953,87.91266199664649,86.81920565967509,87.78504789071293,19600000
2020-11-27,88.73895263671875,89.23503517364202,87.62265137734866,87.62265137734866,14790000
2020-11-30,87.11913299560547,88.40724583978081,86.7933768344479,88.17435503755391,32418000
2020-12-01,89.1530990600586,90.46207172577871,87.5476710184764,87.72793104126895,37350000
2020-12-02,90.62345123291016,91.00929403600527,88.64708471431886,89.15309328101881,29424000
2020-12-03,90.46803283691406,91.55999635366734,90.2276861454191,90.40347565496144,24728000
2020-12-04,90.56339263916016,90.84842174267934,90.05836898552865,90.38760309715401,20544000
2020-12-07,90.22917938232422,90.83797937404678,89.53446984443129,90.15568118177275,22288000
2020-12-08,89.94613647460938,90.17654956657847,88.95050853973332,89.80660353736675,19936000
2020-12-09,88.28409576416016,90.79230154815504,87.49652840724409,89.89796478940806,31728000
2020-12-10,87.77708435058594,88.14156720772428,86.08276908538737,87.526311537251,28688000
2020-12-11,88.13214111328125,88.25678497137464,87.03669966329481,87.39721213285257,18628000
2020-12-14,87.01286315917969,88.87700490171588,86.85743340263497,87.92954487062023,33050000
2020-12-15,87.45085144042969,87.59584749491349,86.48700198857918,87.3902646693358,21352000
2020-12-16,87.25767517089844,87.84959334388638,86.8539654427043,87.84959334388638,24676000
2020-12-17,86.42938995361328,87.73042186459409,85.96460093493897,87.59237404777944,34880000
2020-12-18,85.71977996826172,86.81919943152793,85.16262570212646,86.71045239928884,85256000
2020-12-21,86.13392639160156,86.25509235125325,84.11981793066384,84.87113629069282,33974000
2020-12-22,85.42183685302734,86.03709256654695,84.70478234258736,85.87421449147438,20370000
2020-12-23,85.81959533691406,86.60815530253585,85.47050159575537,85.60607168641371,22974000
2020-12-24,86.11406707763672,86.52374001663743,85.62692551399726,85.85783111525326,9312000
2020-12-28,88.0904312133789,88.73796554394026,86.49444423582476,86.64788120786828,27650000
2020-12-29,87.28598022460938,88.81096184437173,87.15438813378992,88.749390051316,19726000
2020-12-30,86.21783447265625,87.78254278436508,85.80816161261886,87.64548759927331,21026000
2020-12-31,87.03174591064453,87.27307766159485,86.20990711305191,86.26850867543338,21070000
2021-01-04,85.7153091430664,87.52084916759205,84.772312128226,87.39720550059997,37324000
2021-01-05,86.40655517578125,86.74323001175622,85.25698257400377,85.66367771378998,20360000
2021-01-06,85.55392456054688,86.60120576827877,84.22409958830787,84.43067500335674,46588000
2021-01-07,88.10930633544922,88.28211046401697,85.74659668999963,85.74659668999963,41936000
2021-01-08,89.2757568359375,89.3517327598918,87.4577901976101,88.24933551484223,35484000
2021-01-11,87.21298217773438,88.60786440316203,87.00690685691502,88.24238133150995,34796000
2021-01-12,86.27643585205078,87.78949855387994,85.23114750770641,86.67021949760816,29528000
2021-01-13,86.76407623291016,87.21794654341232,85.77439648773604,85.77439648773604,23432000
2021-01-14,85.95317077636719,87.77213007031222,85.71233156118241,86.8445221294171,29212000
2021-01-15,85.789306640625,86.7824568694247,84.99926151347154,85.85882685355558,31444000
2021-01-19,88.61233520507812,89.5741993642567,86.04802079890773,86.5530367998629,41660000
2021-01-20,93.35958862304688,94.33535679156603,90.3523301990079,90.69297541443379,64152000
2021-01-21,93.56218719482422,95.94227110893598,93.32681109981424,94.03393956655104,58634000
2021-01-22,93.97980499267578,94.56725260357804,93.18230407695297,93.9251814346911,32744000
2021-01-25,94.06521606445312,95.43279024667792,92.32124775133792,94.98189773441027,50586000
2021-01-26,94.7440414428711,95.13136939895124,93.16394372149756,93.65356299193041,31462000
2021-01-27,90.32402801513672,93.37945448291312,89.24844618847803,93.10335885414129,82512000
2021-01-28,92.02529907226562,93.75287816841522,90.92290176921253,90.92290176921253,55278000
2021-01-29,90.74214935302734,91.74424063423733,89.46099218330933,91.07286857202571,44530000
2021-02-01,94.00514221191406,95.12094344819168,91.59774264388165,91.59774264388165,40252000
2021-02-02,95.29871368408203,96.80085020179051,94.66557593964733,95.00126570965045,66332000
2021-02-03,102.23885345458984,104.60950398983356,99.9878761837272,102.57305055467793,97882000
2021-02-04,101.9781494140625,102.7562756387138,101.05798980789827,102.32525035691263,48596000
2021-02-05,103.72608947753906,104.0791536293732,101.79789063853698,102.27261325937808,29866000
2021-02-08,103.51206970214844,105.02563265356915,102.46082562034202,104.28077001063603,28828000
2021-02-09,103.0586929321289,104.2067727221709,102.79103824523523,103.02939215435124,21892000
2021-02-10,103.6093978881836,104.22515373346634,101.90912676405608,103.44354198838178,25102000
2021-02-11,103.72211456298828,103.98281343588366,102.73442756709264,103.83384698116288,20480000
2021-02-12,104.03397369384766,104.25593827265304,102.96831791697292,103.27619962416891,18990000
2021-02-16,104.81210327148438,106.52230792742778,103.8710913957422,103.8710913957422,31004000
2021-02-17,105.20537567138672,105.39506920640073,103.70224667616102,103.9818125905959,20294000
2021-02-18,104.56926727294922,105.37273140047849,103.94954106605648,104.52904784605579,22546000
2021-02-19,103.72509765625,105.203404154816,103.45794305157632,104.66760224999184,37938000
2021-02-22,102.00942993164062,103.30400607637003,101.69857799261982,101.97665882533313,29466000
2021-02-23,102.3004150390625,102.91517821894672,98.82985283276733,100.00971865711338,34658000
2021-02-24,103.476806640625,103.70076399456218,100.68208679095231,100.80672307051088,22608000
2021-02-25,100.1070556640625,103.4365925447622,99.63729605423056,102.09236341525845,41548000
2021-02-26,100.40299987792969,102.12164534366852,99.36515987509816,100.80224662969428,40042000
2021-03-01,102.77415466308594,103.10040332291774,101.02422313651661,101.69857291071618,26060000
2021-03-02,102.51692962646484,104.01956628120942,102.1291091622479,102.53480408624813,25564000
2021-03-03,99.88160705566406,103.0884850858545,99.01706363524661,101.89472276716697,33892000
2021-03-04,100.9999008178711,103.0189723022075,99.58465876832166,100.05342577855534,49216000
2021-03-05,104.13526153564453,104.58863175555176,100.69449268365985,102.35156636872838,53100000
2021-03-08,99.68743896484375,104.96304865733514,99.57272873677378,103.489220368684,36868000
2021-03-09,101.3191909790039,102.48912326397398,101.08282227095005,101.78548025372508,33920000
2021-03-10,101.11212158203125,102.36398540325158,100.2748937042112,102.36398540325158,27100000
2021-03-11,104.30757904052734,104.84040311495322,102.11818127805286,102.20607603435747,27702000
2021-03-12,101.79788970947266,103.1689342706061,100.92491291554464,103.10934768667865,33818000
2021-03-15,102.01837921142578,102.04568720603763,100.69500984878918,101.54861957159491,26168000
2021-03-16,103.48078918457031,104.96008072594401,102.25921114107965,102.59191553889649,31900000
2021-03-17,103.3978500366211,104.23109987836469,101.5059003100196,102.71505934343303,26382000
2021-03-18,100.37470245361328,102.72896343122781,100.26744054557446,101.7075051591949,31700000
2021-03-19,100.65377807617188,101.15432355512716,99.46050826596426,100.79133336870827,46072000
2021-03-22,100.83900451660156,101.71545922515175,100.01021756030983,100.68705266414705,33536000
2021-03-23,101.36736297607422,102.49856099627006,100.70543206365292,101.29883536962339,28510000
2021-03-24,100.93037414550781,102.67185719163797,100.75507714736035,101.88528247451289,25218000
2021-03-25,100.9269027709961,101.58138535114085,99.12085484807301,100.75756896645461,35616000
2021-03-26,100.54305267333984,101.27102588193519,99.50619757196918,100.89363153792782,27978000
2021-03-29,101.58882904052734,101.75866292820697,99.5856468975078,100.4154264492917,26492000
2021-03-30,101.62259674072266,102.42704590422225,101.11013243627151,101.94586758609552,27312000
2021-03-31,102.41960144042969,103.59847472541622,101.64891595703786,102.01638423893236,42570000
2021-04-01,105.75956726074219,106.05602264817969,103.85520604605419,103.89592556687435,39880000
2021-04-05,110.18802642822266,110.68609422366168,106.52578506644159,106.62212075705683,48510000
2021-04-06,109.70632934570312,110.6369149862401,109.33539077930254,109.78876098014031,35240000
2021-04-07,111.18465423583984,111.45627935995104,109.89703385350786,109.89703385350786,24134000
2021-04-08,111.7507553100586,112.81144056335684,111.38229438569249,112.42460508643691,28664000
2021-04-09,112.75581359863281,112.91968428318657,111.09675457023529,111.50295716552093,26146000
2021-04-12,111.46224212646484,112.07153467818617,110.62799202402903,111.93398695282929,25024000
2021-04-13,111.94937133789062,112.39827866126174,111.38426865957148,111.7785524215588,25682000
2021-04-14,111.32765197753906,112.5949124498781,111.03517461319218,112.5949124498781,21002000
2021-04-15,113.47982025146484,114.01364453887427,111.78749754528548,112.3228069510781,29174000
2021-04-16,113.35567474365234,113.92624054804651,112.76822708360963,113.6779530050074,26282000
2021-04-19,113.70377349853516,114.41536491519754,112.73148319799424,112.73148319799424,30290000
2021-04-20,113.16995239257812,114.16260241434755,112.08295189776874,114.08761909590847,22288000
2021-04-21,113.1371841430664,113.21911569548593,111.47216193615608,112.82433942501434,23204000
2021-04-22,111.85453033447266,113.66007812886873,111.24870812550311,112.99069133887703,24146000
2021-04-23,114.20879364013672,114.51617525978173,112.28804305693671,112.5735722203721,29066000
2021-04-26,114.70536804199219,115.43037100832214,114.07918606462448,114.43672073608383,32038000
2021-04-27,113.76436614990234,115.12845498312689,113.52501204105906,115.08773546111213,44386000
2021-04-28,117.14405059814453,120.73627149792708,116.85504353918805,118.80558735314312,81106000
2021-04-29,118.81849670410156,119.38459197971964,117.87947003584557,118.64320728077503,41234000
2021-04-30,116.86894226074219,118.27672829890145,116.52431905123296,117.58996717984161,44856000
2021-05-03,116.35150146484375,118.26182566591008,115.97509977431051,117.43552408856827,28242000
2021-05-04,114.55142211914062,115.4531995650852,112.06109853502393,114.88511909946546,44818000
2021-05-05,114.94570922851562,115.95027810340052,114.6234309796566,115.63396305915562,26636000
2021-05-06,116.06697082519531,116.06697082519531,113.86664687693421,114.52659251873213,25190000
2021-05-07,116.79097747802734,117.7503639113892,116.50445572255295,117.38488841676944,28898000
2021-05-10,113.80259704589844,115.75165577723939,113.44456228631331,115.60962996809558,30914000
2021-05-11,112.72551727294922,113.2330185640915,110.93089578077006,111.38526620724798,34186000
2021-05-12,109.2589340209961,111.62909207975932,108.92970751604966,110.5470545058614,46376000
2021-05-13,110.6885757446289,111.20501049695574,109.5802152495057,110.54357212276646,33204000
2021-05-14,113.13866424560547,113.45349415886822,111.729385535674,112.153462565409,31996000
2021-05-17,113.66206359863281,113.70476832857226,112.00300454103483,112.4032439386327,21598000
2021-05-18,112.34861755371094,114.59363909579048,112.33471351228613,114.32896221785582,22204000
2021-05-19,112.79702758789062,112.97033180771274,110.50980892808556,110.65828287821735,23684000
2021-05-20,114.5573959350586,114.80816120723914,113.39391932806075,113.76535804712894,32352000
2021-05-21,113.9207763671875,115.15030281544662,113.68092975421887,115.076804611561,40632000
2021-05-24,117.24335479736328,117.46730456289447,114.80616214501279,114.95165826755068,31832000
2021-05-25,117.33424377441406,118.38350267342507,116.9434378916011,117.78761405946807,22440000
2021-05-26,118.20025634765625,118.63128160358181,117.5124950673565,117.5154728809379,21572000
2021-05-27,117.32479858398438,118.63426373987288,117.00599824507955,118.63426373987288,35224000
2021-05-28,117.0353012084961,117.98971709570142,116.83667419938844,117.90778553815656,21482000
2021-06-01,118.24346923828125,118.46841921616031,116.90768099049576,117.90877961712468,23354000
2021-06-02,117.71759033203125,118.86219221155922,116.81232738781806,118.63922746306862,21158000
2021-06-03,116.5749740600586,117.04374107133572,115.67815955902836,116.48310887975401,18696000
2021-06-04,118.85872650146484,119.12985911934659,117.31139978493381,117.65205261546024,24458000
2021-06-07,119.29222106933594,119.4019682763619,118.23452137477915,118.65362780359852,24120000
2021-06-08,119.10054016113281,120.14732118685833,118.91879503132425,119.77439739573903,24240000
2021-06-09,119.57230377197266,119.81760592267354,119.02408294020918,119.74560799112477,17942000
2021-06-10,120.9224853515625,120.96569017106941,119.36572523374554,119.52164750239044,25904000
2021-06-11,120.67768096923828,121.24973189876641,120.11952650453333,121.16432243775947,21958000
2021-06-14,121.60676574707031,121.60725826078448,120.0718505454425,120.77996403226656,22098000
2021-06-15,120.58779907226562,121.93450591139118,120.22678650087968,121.6112350467546,21562000
2021-06-16,119.9452133178711,121.05108838212642,118.65163750135481,120.73923629667495,26472000
2021-06-17,120.90958404541016,121.68324740306925,119.67460198441277,119.8707512752381,25842000
2021-06-18,119.28826141357422,120.77003827045989,119.19291832944006,120.53565476719979,46116000
2021-06-21,120.97810363769531,121.16431929234544,119.07721278021708,119.67509414601389,27414000
2021-06-22,121.4925537109375,121.56158140548996,120.23473424319909,120.91603228443775,22390000
2021-06-23,121.29044342041016,122.25230755219879,120.99995125396923,121.2571722246555,19148000
2021-06-24,121.66089630126953,122.21258746460555,121.46226929734574,121.8595233051933,21362000
2021-06-25,121.66934204101562,121.79299330389905,120.73230808821567,121.16432600625978,34594000
2021-06-28,121.69664764404297,121.94394257241956,120.57389063199965,121.8381657792052,28526000
2021-06-29,121.43494415283203,122.1783216062728,120.8574301606362,121.83022049740785,23108000
2021-06-30,121.25321197509766,121.41956796782213,120.52324597067542,121.15886149359434,24474000
2021-07-01,121.60578155517578,121.74729969788072,120.69903343613329,120.89120472356075,18110000
2021-07-02,124.39950561523438,124.545001749682,122.21656350765055,122.3064434757173,25982000
2021-07-06,125.32563018798828,125.56199891268983,123.72913543158845,124.787835457922,26404000
2021-07-07,125.60768127441406,126.41213053638484,125.2888808990829,126.29097214874531,24060000
2021-07-08,124.18746948242188,124.73519022909304,123.1724744263898,123.17644484488378,23790000
2021-07-09,124.6587142944336,124.87323053723223,123.69833528182369,124.16859495392329,18632000
2021-07-12,126.1057357788086,126.19909364851405,124.75058049262387,125.31369794743844,17668000
2021-07-13,126.46922302246094,127.18031431277677,125.80679208640693,126.16829714742079,19240000
2021-07-14,127.35859680175781,128.44064190439045,127.03830375300998,127.08150857342966,23742000
2021-07-15,126.1350326538086,127.8184218627249,125.66328784581317,127.76777629667595,24218000
2021-07-16,126.10028076171875,126.93601597931935,125.28937581428032,126.78853463100182,20424000
2021-07-19,123.72466278076172,125.34051699003123,122.65900702825122,125.22580675306436,27968000
2021-07-20,125.3449935913086,126.17278040531404,123.49872621377297,124.66765836432434,26312000
2021-07-21,126.6753158569336,126.7219910057635,125.16026022646466,125.26950735241101,20746000
2021-07-22,127.54180908203125,127.60289593105068,126.62563515800662,126.96827312782288,14302000
2021-07-23,132.10386657714844,132.48523890184507,128.91139257324573,129.5370668627534,41506000
2021-07-26,133.11688232421875,133.31749453004386,131.3952513476987,132.4152245404215,30572000
2021-07-27,130.99649047851562,133.47838066984616,129.21280286257922,133.33089933666326,54710000
2021-07-28,135.16177368164062,137.3496864200583,134.3508687484611,135.37828272257383,95130000
2021-07-29,134.84742736816406,135.72487458929427,134.61453659090066,135.21737333735683,31716000
2021-07-30,133.8036346435547,134.3776782948477,133.3353677791156,134.11002362301198,25576000
2021-08-02,133.93077087402344,134.40946389978131,132.877534075771,134.19146975087898,21634000
2021-08-03,134.7009735107422,134.80226465276354,132.40629876268488,134.2093538311619,20762000
2021-08-04,134.1999053955078,134.720318101296,133.56577506518238,134.42237004478915,19676000
2021-08-05,135.3181915283203,135.41602748559603,133.92231670480348,134.75110364771078,17870000
2021-08-06,134.80870056152344,135.53768146813212,134.28383249025302,135.11013410578906,20488000
2021-08-09,135.9751434326172,136.24429836344723,134.41242029641282,135.01130176206638,17760000
2021-08-10,135.86988830566406,136.82877457623906,135.43041455067907,136.4012120754409,19414000
2021-08-11,135.34552001953125,136.73939453465712,135.33806411914702,136.24183441816174,15352000
2021-08-12,136.25424194335938,136.35951864766164,134.49786220697922,135.04408266615167,16506000
2021-08-13,136.78408813476562,136.9122174832124,136.09435671368865,136.30986557995257,15948000
2021-08-16,137.3621063232422,137.41475225696215,134.3722294840913,136.58297984358083,22384000
2021-08-17,135.7253875732422,137.31840428534073,135.14985876148344,136.80643247596538,21716000
2021-08-18,134.52120971679688,136.16537221527594,134.39458063861548,135.56500550987712,19258000
2021-08-19,134.7506103515625,135.418504459747,133.33041285553048,133.51464330667287,21782000
2021-08-20,136.48812866210938,136.6117723361515,134.32355361302515,135.06841620237648,31194000
2021-08-23,139.08226013183594,139.909546927618,136.6649266294421,137.02444654926654,28454000
2021-08-24,140.29388427734375,141.1067743975744,139.3772025716941,139.64832759063572,19268000
2021-08-25,141.10577392578125,141.21552113852167,140.407601620042,140.65488897401852,15848000
2021-08-26,140.47166442871094,141.4419619740377,140.3887251136367,140.77903846994076,20610000
2021-08-27,143.01759338378906,143.52260939124648,140.52776217570977,140.68219932895803,28780000
2021-08-30,143.60006713867188,144.97061910433263,143.1754900221093,143.41086610714518,24434000
2021-08-31,143.70632934570312,144.17708151735482,143.29269360899076,144.15275891770565,22448000
2021-09-01,144.2207794189453,145.25216367383678,143.8910528784741,144.0067557066981,21936000
2021-09-02,142.30551147460938,144.5227174187225,142.20420518629905,144.22129900817762,32342000
2021-09-03,142.75489807128906,143.16754877804087,141.425065626574,142.10041556217422,19850000
2021-09-07,143.29222106933594,143.57477244482064,142.6352531299413,142.849276893737,20124000
2021-09-08,142.7067413330078,143.4108844692113,142.020480234913,143.1129515291971,18344000
2021-09-09,142.55776977539062,143.32199956321935,142.1967647782529,142.85521776816285,15314000
2021-09-10,139.9110107421875,143.72718852242127,139.77395555302834,143.2246427259932,36840000
2021-09-13,141.3575439453125,141.97080687143628,140.2824546953372,140.9771566588483,22094000
2021-09-14,141.56808471679688,142.38098998687326,140.779032265316,142.01599943041023,19674000
2021-09-15,143.44017028808594,143.46102255975654,140.37928108999674,141.7935227681328,27408000
2021-09-16,142.6262969970703,143.31157304134615,141.42607889210248,142.9644645098526,26190000
2021-09-17,139.83554077148438,142.46738254367386,139.50779941139257,142.05076140011982,53384000
2021-09-20,137.769287109375,138.04786802419636,135.3882181598803,137.21511067059447,46518000
2021-09-21,138.0806427001953,139.05244043758358,137.33080952468467,138.79222650353563,25332000
2021-09-22,139.3225555419922,139.921921949741,137.6024250216323,138.34977284506385,25056000
2021-09-23,140.2487030029297,140.72591094990884,139.4397832505702,140.02176781696548,20952000
2021-09-24,141.2408447265625,141.35556254003694,139.28036730337084,139.57583007870915,22984000
2021-09-27,140.10568237304688,140.96624781578487,139.10806172640446,139.84001289276725,21882000
2021-09-28,134.8995819091797,138.14370154604273,134.4328001428913,137.70522795258165,45772000
2021-09-29,133.4331817626953,136.2115195537081,132.9480330690793,136.04168568698242,30848000
2021-09-30,132.7603302001953,134.6140457457326,132.64115703529495,133.3418297784705,37996000
2021-10-01,135.60769653320312,135.9726870836677,133.15461451676552,133.52654572208218,35360000
2021-10-04,132.74395751953125,135.02919100762176,130.152335016585,135.02919100762176,51202000
2021-10-05,135.0912628173828,136.28454028271238,133.12284448248417,133.12284448248417,32404000
2021-10-06,136.62269592285156,136.8064262666575,133.6283489777049,133.82697596683917,24364000
2021-10-07,138.27133178710938,139.08273677030002,137.7012585252887,137.9406050375221,25110000
2021-10-08,138.8280029296875,139.3697529009224,138.26388525704718,138.62091984045634,26526000
2021-10-11,137.96246337890625,139.7481514962856,137.90783223964974,138.33788008148647,17954000
2021-10-12,135.51434326171875,138.5513949378648,134.8300522945647,138.5245718836767,36332000
2021-10-13,136.6395721435547,137.05470814080826,135.58385011505686,136.46129734353676,19654000
2021-10-14,140.1841278076172,140.36934326581917,137.87405672252987,138.51861318495054,31894000
2021-10-15,140.39964294433594,140.7472515493763,139.79085052606553,140.64446014785966,30274000
2021-10-18,141.79998779296875,141.81786982944135,140.10319469147404,140.1101505005765,20396000
2021-10-19,142.255859375,142.67845134559514,141.6232292235095,142.40532593908162,20164000
2021-10-20,140.7978973388672,142.56273311314936,140.40808409613712,142.35615012808168,23288000
2021-10-21,140.9141082763672,141.18226306865893,139.5376005482952,140.7979053406626,26292000
2021-10-22,136.62417602539062,139.62000797880754,135.12402479425157,138.19682527141742,50588000
2021-10-25,136.50550842285156,137.0547142470015,134.49635558033071,136.60779973139745,34412000
2021-10-26,138.35427856445312,139.12346388215457,137.3571578612177,138.30958862017152,49236000
2021-10-27,145.2159423828125,147.6317754652615,138.45010644838615,138.45010644838615,85782000
2021-10-28,144.84994506835938,146.1499842212663,143.63631554919505,146.1266466491927,36206000
2021-10-29,147.03192138671875,147.22657797948324,143.65868705793508,144.08424925630118,43320000
2021-11-01,142.51405334472656,147.0319042836874,142.24441345744162,147.0319042836874,46924000
2021-11-02,144.43630981445312,145.6047494341665,143.3468239373789,143.589155856485,33482000
2021-11-03,145.59385681152344,145.66436963514286,143.6006003740665,144.90112476912253,27494000
2021-11-04,147.2518768310547,148.7078381986551,145.30579615633354,146.1167009898018,38412000
2021-11-05,147.83238220214844,149.29776958351854,147.18187010538642,148.14769705089574,38354000
2021-11-08,148.0101776123047,149.58332721149728,147.41378132223133,148.79873004411684,23052000
2021-11-09,147.89842224121094,148.80814807366832,146.23637795284716,148.21076684871005,19530000
2021-11-10,144.89414978027344,147.0557547297235,143.54745049930153,146.48965185190764,29970000
2021-11-11,144.76800537109375,146.52490022179515,144.60314209474012,145.4860600290093,16518000
2021-11-12,147.65956115722656,147.83039521534081,144.41494154872743,145.6111891207511,22360000
2021-11-15,147.4351348876953,148.52512091002376,146.564143220797,147.88056434511404,23508000
2021-11-16,146.86306762695312,147.7434851066345,146.30342052771164,147.13469271784953,18904000
2021-11-17,147.0329132080078,147.54189968393393,146.23144931565946,147.01354605058876,19594000
2021-11-18,148.8121337890625,149.54905558493877,146.87152355597607,147.2260728349166,35608000
2021-11-19,147.90638732910156,149.93242230081603,147.87907933458402,148.94819792793513,33682000
2021-11-22,145.2998504638672,148.80318386713506,145.14641349880958,148.30959419909644,30594000
2021-11-23,144.7834014892578,145.65539319292498,143.12782807825988,145.15186234817517,27218000
2021-11-24,145.1190948486328,145.24770912643848,143.38406747968642,144.47702364133363,18040000
2021-11-26,141.2090606689453,143.567292087887,140.87089317793425,143.35972407872825,30470000
2021-11-29,144.5336456298828,145.29539012622988,142.9078501657201,143.01362696483886,32596000
2021-11-30,140.925537109375,144.9999291351749,140.63155943723774,144.01521986367607,42068000
2021-12-01,140.0853271484375,144.95077215345802,139.94678681424585,143.01363215793765,34020000
2021-12-02,141.98667907714844,142.8790228519796,139.2540164436846,140.28243036922242,29194000
2021-12-03,141.02882385253906,143.41089332697956,139.3399713287488,142.69682410009432,41230000
2021-12-06,142.1743927001953,142.867109397249,139.18997198196627,142.06067508092005,30618000
2021-12-07,146.26072692871094,146.52044078510028,144.23270692455046,144.59918260368823,32240000
2021-12-08,147.17144775390625,147.37654563981545,145.40315664150788,146.58549276228777,24270000
2021-12-09,146.627197265625,148.0786882197915,146.10728463519155,146.58002202898808,23270000
2021-12-10,146.98770141601562,147.9570138625122,145.6990885419643,147.68141834397827,24458000
2021-12-13,144.82762145996094,146.95643255514503,144.52073235798926,146.76921671564287,27070000
2021-12-14,142.92127990722656,143.49035309729783,140.24771792885136,142.98186668326792,38446000
2021-12-15,145.43788146972656,145.71596227271536,140.70750727401295,142.4266528071714,36370000
2021-12-16,143.45558166503906,146.66543763733537,142.6233092253354,146.16240684047588,33650000
2021-12-17,140.75421142578125,142.84925876287545,140.33211958011196,141.5238967322668,50416000
2021-12-20,140.6370086669922,140.80337222903077,138.36667189829006,139.0410217021847,27192000
2021-12-21,142.48973083496094,142.8835144844595,139.54007383647323,141.08044454407118,28756000
2021-12-22,145.4120635986328,145.49648802406725,142.08750519327856,142.08750519327856,26322000
2021-12-23,145.91014099121094,147.22804705597008,145.4488147669003,145.4964900938066,26384000
2021-12-27,146.8933563232422,147.3278595123335,146.16140515021237,146.24731469886467,15976000
2021-12-28,145.68222045898438,147.28317810290264,145.0540608351718,147.22060612425986,18200000
2021-12-29,145.65042114257812,146.40721009750993,144.64983033524757,145.63999500667248,17788000
2021-12-30,145.1990509033203,146.2910220535515,144.99446827390025,145.6891702663354,15688000
2021-12-31,143.85980224609375,145.69365075326593,143.85980224609375,145.04959428320663,18136000
2022-01-03,143.99832153320312,144.8519311224432,142.72857575378174,144.0613784409724,28646000
2022-01-04,143.41041564941406,145.48162567752496,142.7320953123497,144.40008049006386,28400000
2022-01-05,136.8312530517578,143.50969364455202,136.74485856797526,143.43073990652238,54618000
2022-01-06,136.803955078125,138.98144174621683,135.62310409438905,136.06009260812084,37348000
2022-01-07,136.0784454345703,137.50014307479,134.836507719824,137.1992096234285,29760000
2022-01-10,137.71963500976562,137.8686166309049,132.25235351586585,134.15274434444186,44408000
2022-01-11,138.77882385253906,139.25554684251247,135.7561836931482,137.06167849311132,28730000
2022-01-12,140.4617156982422,141.6311554318166,139.73076471910252,140.18313478333724,26108000
2022-01-13,137.63772583007812,141.8715260324475,137.46093610582858,140.5704864133838,31436000
2022-01-14,138.52508544921875,139.77794951568995,136.06009199236166,136.14003076332514,29662000
2022-01-18,135.0664520263672,136.19218701307207,134.51079038865421,135.24224156457512,34872000
2022-01-19,134.1909637451172,137.01449172836578,134.09065764793374,135.58832360539645,28648000
2022-01-20,132.3943634033203,136.6832943570819,132.0537105865044,135.31671267129403,29908000
2022-01-21,129.4586181640625,133.94169047418686,129.19543397045766,131.68526524961257,55652000
2022-01-24,129.90802001953125,130.30428901156284,123.64720029032809,125.11507313847382,76622000
2022-01-25,126.06551361083984,128.5126400999818,125.63399580516415,127.85815753662722,46960000
2022-01-26,128.3477783203125,132.0889733339284,126.27109790890478,130.2208611272421,49130000
2022-01-27,128.121337890625,131.74384451812946,128.04932480717565,130.40458604804593,31950000
2022-01-28,132.4375762939453,132.4430469854513,127.6049098676887,128.7708642548901,34362000
2022-01-31,134.37669372558594,134.54504250233154,131.3038928647385,133.24301799963737,39986000
2022-02-01,136.70114135742188,136.84912277440554,133.44808094636574,136.65198091536402,68644000
2022-02-02,146.98623657226562,150.50843749823036,144.5257135029297,150.2139748753728,123200000
2022-02-03,142.10984802246094,148.64974827603828,141.68825627852442,144.70744115071966,71518000
2022-02-04,142.31146240234375,143.88262665253944,139.5524914323561,142.46192913434274,57998000
2022-02-07,138.2475128173828,143.2619244603311,137.9485645278239,143.2619244603311,54974000
2022-02-08,138.44412231445312,139.04100341814646,136.07546496175857,138.0741763550411,54284000
2022-02-09,140.6221160888672,141.5482389401136,139.22674129304525,139.99792689638787,40144000
2022-02-10,137.67047119140625,140.51535178227655,137.0120182079764,138.74656067127665,39330000
2022-02-11,133.36268615722656,138.20329295411477,132.486223876279,137.6506167768868,39958000
2022-02-14,134.59765625,135.36635645883993,132.3437014572627,132.3437014572627,34302000
2022-02-15,135.67276000976562,137.16248526255038,134.89114828122072,136.62816089438695,26680000
2022-02-16,136.7945098876953,137.1401181080741,133.99977506378778,135.7104796838737,25022000
2022-02-17,131.63111877441406,136.17427722960795,131.57103210398424,135.30974142598828,38950000
2022-02-18,129.50975036621094,133.15163912187222,129.30466766211782,132.55275761865371,45620000
2022-02-22,128.92428588867188,131.27506117312328,127.3451658551134,128.94860848642685,44990000
2022-02-23,126.71403503417969,131.146461476255,126.65394836077941,130.74672218976002,32786000
2022-02-24,131.78207397460938,132.0889630529401,124.09757963651286,124.09757963651286,54456000
2022-02-25,133.5384521484375,134.3448864119422,130.84899425850597,132.637167334237,36406000
2022-02-28,134.13189697265625,134.8216284091714,131.68427023720545,132.13864070917086,38864000
2022-03-01,133.14317321777344,135.32214458518868,132.3059606090061,133.95457811063864,26496000
2022-03-02,133.6497039794922,134.3359650140929,132.1599788001748,133.7058202345684,23520000
2022-03-03,132.98231506347656,135.5049097951273,132.1142937033128,135.07834743813976,24604000
2022-03-04,131.00294494628906,132.93462912207434,129.44469223141712,132.01696245071622,30430000
2022-03-07,125.51282501220703,130.8326323863865,125.42989327908792,130.5873302458659,45112000
2022-03-08,126.23384857177734,130.350952554109,124.81364360467389,125.38520198061914,40428000
2022-03-09,132.506103515625,132.81944835755982,129.01071051027446,130.35096930824116,37026000
2022-03-10,131.5223846435547,132.35911244842734,130.01577753476292,130.36685648313625,27102000
2022-03-11,128.9809112548828,132.87902880681497,128.74354993397455,132.57412490739122,31526000
2022-03-14,125.08824157714844,129.5157047953753,124.41687721797516,129.35779732793398,38812000
2022-03-15,128.31301879882812,128.96503124625056,124.85933803680028,126.1062389125735,30920000
2022-03-16,132.3675537109375,132.41968439619922,127.85268781908668,129.83750304335058,35576000
2022-03-17,132.92221069335938,133.16205727305697,131.2795336415189,132.23693475136628,28264000
2022-03-18,135.1930389404297,135.31072696869558,131.35252366520865,132.5105368869364,44566000
2022-03-21,135.16921997070312,136.1112244178566,133.173978749984,135.23079176119532,26832000
2022-03-22,138.90992736816406,140.0838376848272,135.16923238113208,135.16923238113208,35496000
2022-03-23,137.32833862304688,138.63234835797854,136.89086517154823,137.7524157003206,25154000
2022-03-24,140.60226440429688,140.6489395534487,136.80693829894508,138.24650294781864,26396000
2022-03-25,140.7025604248047,141.06208028165258,138.78031728528904,140.94389214459488,24126000
2022-03-28,140.486572265625,141.02982254949302,138.8538208684896,139.93536598981794,35050000
2022-03-29,141.5293426513672,142.80852953836705,141.06554628979546,141.67038342042937,34318000
2022-03-30,140.9662322998047,141.74287331835652,140.6300500454084,141.4841596757739,19884000
2022-03-31,138.11492919921875,141.13459942506373,138.07222446526833,141.07996828031875,37524000
2022-04-01,139.19049072265625,139.5087909885533,137.36011265105827,138.54444908128045,25942000
2022-04-04,141.99217224121094,142.72760894504665,139.34940401086646,139.39707934303763,25942000
2022-04-05,139.6279754638672,142.0110296598707,139.42090753807759,141.89037137348774,21418000
2022-04-06,135.61268615722656,138.405921270331,134.58874241741407,137.79959891315158,32468000
2022-04-07,134.9576873779297,136.22494793186857,133.30805431972186,135.07834566419274,26234000
2022-04-08,132.37451171875,134.74068416097512,132.054711175335,134.6547746087494,25142000
2022-04-11,127.94107055664062,131.1876753708867,127.78713350700349,130.92052078848334,36884000
2022-04-12,126.83966827392578,130.69855860670543,125.9205088911911,130.69855860670543,32710000
2022-04-13,129.0042266845703,129.44121512067846,126.86597479989753,127.12320332377392,27928000
2022-04-14,125.86192321777344,129.58574380720424,125.73380145210479,129.58574380720424,31598000
2022-04-18,126.80193328857422,127.33425728221141,125.31767118048631,126.13006878953061,20808000
2022-04-19,129.11846923828125,129.44023984617706,126.1295774770653,126.81683876085387,26490000
2022-04-20,127.16293334960938,130.49893329620238,126.62663895836951,129.99540243243885,31696000
2022-04-21,123.95953369140625,129.2073354940893,123.67350445849084,128.36465210884853,36446000
2022-04-22,118.81600952148438,124.54301206602497,118.11038133016164,124.1437652925247,56884000
2022-04-25,122.23096466064453,122.43306957367948,117.69922438047917,118.2851793587275,46128000
2022-04-26,117.83726501464844,121.6708251413164,117.69921720652222,121.4568014084917,73054000
2022-04-27,113.5115966796875,116.43890115247335,111.9642701529319,113.68539340141608,91820000
2022-04-28,117.71063995361328,118.82991910256544,113.33332937298223,115.61757779171258,48884000
2022-04-29,113.3278579711914,117.11225750315006,113.03488051138018,115.93487697322128,42676000
2022-05-02,115.78443145751953,115.945816851696,111.82871246208478,112.62819868659021,35534000
2022-05-03,116.5302734375,117.63068544527395,115.23967536784316,115.63295892784193,24968000
2022-05-04,121.42353820800781,122.01297109395705,114.32747578407296,116.22985941768594,49916000
2022-05-05,115.70745849609375,120.20990548103431,114.21773323366315,119.3806259942041,45840000
2022-05-06,114.95365905761719,116.76616273959169,113.23452083053861,114.39551215463523,39710000
2022-05-09,111.74031066894531,114.28873566343553,111.23330949084597,112.47424700492478,40802000
2022-05-10,113.61141204833984,115.45370897495468,112.12714988528167,114.71629465970669,39900000
2022-05-11,112.82433319091797,115.56741475011088,112.46084292776307,112.46084292776307,37534000
2022-05-12,112.07103729248047,113.51209458382574,109.0722196869369,110.61458326418952,53836000
2022-05-13,115.25557708740234,117.06758067088552,112.82683262018276,113.74846982950024,35038000
2022-05-16,113.66106414794922,115.37424657396184,113.10937301955866,114.16806533985789,25990000
2022-05-17,115.6751708984375,116.0992479298773,114.08315444400371,116.04015386240661,23054000
2022-05-18,111.13301086425781,114.60953671958168,110.79136543123056,114.21227511679197,35126000
2022-05-19,109.62788391113281,112.23589554258577,109.24651160347497,110.66820925280025,34144000
2022-05-20,108.16199493408203,111.41506331912538,105.07181220746052,111.18415014796633,48962000
2022-05-23,110.72431945800781,111.37930208284921,107.99613444392592,108.83684020240013,37184000
2022-05-24,105.24413299560547,105.72928937706624,101.18661505076277,105.047491186243,76780000
2022-05-25,105.08024597167969,105.77048498374647,103.14509143797545,104.26635571159798,40258000
2022-05-26,107.05413818359375,107.90526250642102,104.5042203882763,104.95312769995195,37948000
2022-05-27,111.5471420288086,111.54863472420854,108.39090958839716,108.73305507461306,37914000
2022-05-31,112.98274230957031,114.94222702566347,111.3107719398825,111.9741954769458,50012000
2022-06-01,113.11185455322266,116.29937309388902,112.47425385777059,114.06826317353504,36606000
2022-06-02,116.81680297851562,117.0919059988239,112.17283789402013,113.21911892677547,37992000
2022-06-03,113.75641632080078,115.52472253823346,112.7409211603864,115.26749397177188,26136000
2022-06-06,116.02029418945312,118.52948481957034,115.36828939248328,115.90508386814868,33542000
2022-06-07,116.3470458984375,116.88484060449989,114.26391732011818,114.6894795083408,31590000
2022-06-08,116.3912353515625,117.75830946134262,115.80130242266203,115.9616951970942,26108000
2022-06-09,114.04888916015625,117.48866544844982,113.98979509345463,115.53066587385061,25798000
2022-06-10,110.40007019042969,112.50306614112637,109.61001747181741,111.67477919899281,41452000
2022-06-13,105.66372680664062,108.0462884474437,105.39210170145553,106.05502516866834,47252000
2022-06-14,105.98452758789062,107.18524590142182,105.0753016671853,105.80526772229472,33706000
2022-06-15,109.01263427734375,110.66026699950997,106.93198347818276,107.8014823825955,39698000
2022-06-16,105.30718231201172,107.90426771466136,104.41781621124528,106.48654806155035,51684000
2022-06-17,106.40958404541016,107.95492543163547,104.32644797510493,105.30718677609678,51376000
2022-06-21,110.77993774414062,111.7189644125282,107.85610349476617,108.18334476803008,47416000
2022-06-22,110.72383880615234,112.57009865011098,109.6264044729377,109.79921618859777,30774000
2022-06-23,111.47315216064453,111.9702273097303,109.74358796129896,111.46272602416786,28362000
2022-06-24,117.16688537597656,117.27017686925784,112.17878974433779,112.22100195891159,41164000
2022-06-27,115.04006958007812,117.76725468629267,114.39054242656216,117.46285844800849,36420000
2022-06-28,111.24026489257812,116.50594891671535,111.08185732274715,115.00926788550748,35792000
2022-06-29,110.93635559082031,112.3853612198346,110.11303179566326,110.78788165155984,24716000
2022-06-30,108.21661376953125,110.12843077767293,106.0187751041556,109.24651298788866,43170000
2022-07-01,107.99266815185547,108.50165457610703,105.99941202989662,107.19367448668028,35476000
2022-07-05,112.48716735839844,112.60038490089782,105.00725515042267,106.36688099642751,39342000
2022-07-06,113.78719329833984,114.79772535634902,110.71239988316604,112.52589598936854,37432000
2022-07-07,117.96934509277344,118.37306236499573,114.04690533231896,114.29171495203762,40936000
2022-07-08,118.53594970703125,118.8651762014679,116.10074202416587,116.44685795142414,38238000
2022-07-11,114.8841323852539,117.1897331383704,114.54050176466727,117.1897331383704,31196000
2022-07-12,113.2394790649414,116.172746938359,112.91124517680676,115.41894329267954,29960000
2022-07-13,110.59074401855469,113.41377206743013,110.43978477358259,110.93585975066051,43722000
2022-07-14,109.61149597167969,110.33202838278505,107.63065884898506,109.45557370657367,37004000
2022-07-15,111.01183319091797,112.36550334245979,110.14034911864573,111.23331281907532,46770000
2022-07-18,108.28315734863281,112.9013069637435,107.62768220362615,111.86842992036455,43164600
2022-07-19,113.0304183959961,113.2389790223901,108.80953017450513,110.090694802755,36530900
2022-07-20,113.11980438232422,114.60952961762138,111.7095329780885,112.39480143387381,35600400
2022-07-21,113.55679321289062,113.76536142824601,110.3489222258498,113.49720662400904,32676200
2022-07-22,107.16090393066406,111.57048549483595,105.77049218927488,110.23966791558226,48901200
2022-07-25,106.77356719970703,109.11740199417964,105.57185651241846,107.66740378694384,34690900
2022-07-26,104.30062103271484,106.46568857174864,103.35713146074687,105.86980002223551,47991000
2022-07-27,112.28555297851562,113.12973666354446,107.27014929212193,108.51158697347695,59858500
2022-07-28,113.43761444091797,113.5567876128041,110.69651783051911,111.6002881287064,32816600
2022-07-29,115.52322387695312,115.91055182503115,112.2855523018916,112.30541954786877,37223400
2022-08-01,114.07322692871094,115.92048681539644,113.55678460709224,114.51021541975226,26034300
2022-08-02,114.34137725830078,115.55302168772738,112.94103944751733,113.21912028499861,20236000
2022-08-03,117.27117156982422,117.80747356026012,114.68898269438547,114.91740298576683,28499000
2022-08-04,117.38041687011719,117.96637181269178,116.08931866387587,116.67528118358466,21602900
2022-08-05,116.66535186767578,117.30096737131531,115.20541990311378,115.43384777651602,19159500
2022-08-08,116.49651336669922,119.32698972388245,116.07938455316629,117.57904337218183,19138300
2022-08-09,115.83110046386719,116.51637649913262,114.9174041349362,116.33760916719966,19086500
2022-08-10,118.88006591796875,120.09171027247865,117.59890893552108,117.96636962927194,30930400
2022-08-11,118.02594757080078,120.6577967023562,117.74786677087195,120.44923610240957,24293700
2022-08-12,120.84651184082031,120.84651184082031,118.64171727202111,119.4362404313281,19096300
2022-08-15,121.2437744140625,121.4622686635192,119.7838424537241,120.30027720751173,19494800
2022-08-16,120.86637115478516,121.59137410380659,119.81363441236235,120.68760382332333,19041200
2022-08-17,118.73110961914062,120.4591888481378,118.56226832626471,119.2972049309053,22847000
2022-08-18,119.34685516357422,119.99240429519782,117.90679043522003,118.61192615288643,17987700
2022-08-19,116.40713500976562,118.33384883861991,115.96022044686849,118.24446137975963,21809500
2022-08-22,113.45747375488281,114.83795189055648,113.07014579319794,114.41089701265592,21456600
2022-08-23,113.080078125,114.22220232746935,112.65302325197702,112.70268379096306,15870400
2022-08-24,112.91124725341797,113.99377732088206,112.09686440266782,112.72254629309008,17734600
2022-08-25,115.8509750366211,115.92049524915063,113.32837256076539,113.45747936199602,16956800
2022-08-26,109.58418273925781,114.33144677016104,109.43521628006215,113.93418519899274,37245700
2022-08-29,108.67047882080078,110.18999721527851,108.05473062688017,109.2365740575108,21191200
2022-08-30,108.19377136230469,109.74308305128713,107.06158088541234,109.41534170873047,27513300
2022-08-31,107.47871398925781,110.09069624211486,107.38932653270058,109.89206923641922,28627000
2022-09-01,108.98828887939453,109.69342453484326,106.62459439026496,107.53829065559566,28360900
2022-09-02,107.11124420166016,109.98144758364315,106.52528923902702,109.83247354287955,24160700
2022-09-06,106.07836151123047,107.2900058656168,105.05541810364878,106.56501052381782,25068300
2022-09-07,108.70027923583984,109.22665517213872,106.16775093808137,106.32665101955834,23167000
2022-09-08,107.63760375976562,108.84924807890526,106.42596701775983,107.29993636702643,24238300
2022-09-09,109.89205932617188,110.22972672082997,108.27321982491722,108.32288036042995,23197700
2022-09-12,110.10063934326172,110.85543566872201,109.17700929071307,110.22974615036425,22966800
2022-09-13,103.60541534423828,107.55815596993659,103.37698749343896,107.0615809332834,38172900
2022-09-14,104.28076171875,104.55884253765855,102.94994420622076,103.85370686767357,26395100
2022-09-15,102.20508575439453,104.54891314157877,101.64891651695895,103.31740907499702,34188300
2022-09-16,102.09583282470703,102.42356659752467,100.24857304133235,101.37082992122032,42797200
2022-09-19,102.36398315429688,102.62220430858018,100.85439829715003,101.05302529143925,23036800
2022-09-20,100.44720458984375,101.66878259642567,99.8314487750522,101.38076814646514,26517100
2022-09-21,98.59994506835938,102.17528407076615,98.59001144532336,100.97357330597262,31487300
2022-09-22,99.45406341552734,100.546527152985,98.11331212059591,98.14310541515117,34298600
2022-09-23,98.06363677978516,98.97734061202718,96.80233951209595,98.94753974483413,31625400
2022-09-26,97.49755096435547,99.19583685614552,97.13009024858292,97.42803075511732,27072700
2022-09-27,96.83212280273438,99.31499774639423,96.20644104469997,98.7489025623251,30072800
2022-09-28,99.36467742919922,100.010218977276,96.44481350795311,96.98111550841472,32466300
2022-09-29,96.75267791748047,97.96432221417734,95.3026797257865,97.96432221417734,31047200
2022-09-30,94.99481201171875,98.22254995330734,94.90542455938035,96.38522371736838,32941500
2022-10-03,97.96431732177734,98.60986634990846,95.85883655257332,96.09719801280019,27982000
2022-10-04,100.94377899169922,101.14240598760246,99.692407701533,99.75200186201134,28850800
2022-10-05,100.73522186279297,101.23179694688893,98.1232396482166,99.14618310911277,22176900
2022-10-06,100.72528076171875,102.2249395259523,99.90096436480401,99.99035181341513,22324000
2022-10-07,98.00405883789062,99.84138513244945,97.6266645019863,99.16604271542337,27502800
2022-10-10,97.18965911865234,98.42116299087765,96.3454831383135,98.32184950680245,18225100
2022-10-11,96.51432800292969,98.57014842775828,95.65028467937152,96.76261553045553,26507100
2022-10-12,96.89171600341797,98.073566982113,96.07733326928475,96.6335024471531,21876400
2022-10-13,98.3814468383789,99.09651612531559,93.73350405042449,94.49823387339498,34574500
2022-10-14,95.89856719970703,100.00028178963521,95.70987384109085,99.3050722025817,25410700
2022-10-17,99.28521728515625,100.23864047742966,98.1530267707607,98.18282006159207,28419200
2022-10-18,100.07974243164062,102.7612525209111,99.28522681703564,102.42357751242457,24060700
2022-10-19,98.94754028320312,100.32801829577426,98.24240463180688,99.32494216503058,23811100
2022-10-20,99.28521728515625,101.61911851826515,98.70918840530337,99.3150105759876,25323200
2022-10-21,100.43727111816406,100.61603844678358,97.05063307454373,97.17973986521672,32458700
2022-10-24,101.8177490234375,102.04617688958683,99.29515433560225,101.10268728739813,27176400
2022-10-25,103.76433563232422,104.10200306135481,102.01638916879352,102.19515650684933,40611400
2022-10-26,94.27973937988281,97.63658399309821,94.04138547726846,95.7694645312069,88114100
2022-10-27,91.58831024169922,94.77632139039405,91.17118898720857,93.87255109519647,60710900
2022-10-28,95.63042449951172,95.88864564835471,91.49891642655986,91.63795683505978,43697300
2022-10-31,93.86262512207031,95.37221005350747,93.3362567418793,94.766387840837,31675000
2022-11-01,89.85029602050781,95.37220847515945,89.75098252011932,94.79617956491805,47161400
2022-11-02,86.37425994873047,90.55542069613995,86.28487250527193,90.31706680880627,57038300
2022-11-03,82.8585205078125,85.92735095244444,82.76913305076104,85.72872394565061,61288000
2022-11-04,85.9869384765625,86.04652505857264,83.13659492864404,84.81502104184743,51124900
2022-11-07,87.88385772705078,88.29105293982344,86.2550920302293,86.68214691275777,34078900
2022-11-08,88.29105377197266,89.7013252290992,86.99002186523454,88.29105377197266,30429000
2022-11-09,86.72187042236328,88.82735145908663,86.68214350727783,87.84412735927378,31769100
2022-11-10,93.29652404785156,93.74343856788602,90.98248246585224,91.61809793205568,51620100
2022-11-11,95.7496109008789,96.26604565196418,93.27666153820596,94.04139140730278,33090500
2022-11-14,95.04446411132812,96.12700168973441,93.86262061279506,94.43864192776208,30179500
2022-11-15,97.76570129394531,99.45405348533612,96.04754823383983,97.58693396732818,41640800
2022-11-16,98.17288970947266,98.95747922841689,96.97117895072545,97.22940010842291,29105200
2022-11-17,97.68624114990234,98.59993739259637,96.12699584853813,96.3057631635986,26052600
2022-11-18,96.76261901855469,98.2225509453757,95.70988228857895,98.09343657704217,28342300
2022-11-21,94.94515991210938,97.72598357054807,94.70680597991417,96.62358621558475,21647400
2022-11-22,96.3852310180664,96.55406473544099,93.40578038476772,95.29275972414906,23438500
2022-11-23,97.78555297851562,98.08350102426172,96.42493468273773,96.42493468273773,18868100
2022-11-25,96.79240417480469,97.96432155155298,96.73281759574188,97.56706001115576,9701400
2022-11-28,95.39207458496094,96.9115930964902,94.95508609589683,96.37529110822086,26237500
2022-11-29,94.5379638671875,95.46159379672028,93.46535990183312,95.07426584986467,20061700
2022-11-30,100.29823303222656,100.34789357132563,93.77323675188165,94.17049833327081,43647500
2022-12-01,100.29823303222656,101.54960436160536,99.563304031794,100.32802632483222,28687100
2022-12-02,99.75200653076172,100.07974033162778,98.22255434389345,98.37152838636051,21480700
2022-12-05,98.79857635498047,100.68555550376762,98.32186096786398,98.71912252760538,24405100
2022-12-06,96.3156967163086,99.09651235429973,95.75952752700341,98.61980456590521,24910700
2022-12-07,94.28968811035156,96.21639446232557,94.071193840807,95.74962020491283,31045400
2022-12-08,93.0680923461914,94.92528570876573,92.80987120585085,94.72665114806772,32213300
2022-12-09,92.19412994384766,93.61433495682455,92.11467611359325,93.12768592936698,28225400
2022-12-12,92.67083740234375,92.91912493805006,90.98248519039448,92.07494883207544,29420000
2022-12-13,94.97493743896484,98.84822418549331,94.37904891883746,97.09035191454747,40593700
2022-12-14,94.41878509521484,96.20645840814433,92.95885315251148,94.54789188781861,28733600
2022-12-15,90.23762512207031,92.99858138446136,89.39344899234517,92.49207267577248,40107000
2022-12-16,89.64173889160156,90.70440929917321,88.90680229037655,90.13831399003944,58011800
2022-12-19,87.8342056274414,89.93967919044347,87.60577774876408,89.64173867837027,29493000
2022-12-20,88.41022491455078,88.56913257898219,86.84105340253028,87.5064621987842,23453800
2022-12-21,88.96639251708984,89.60200800878793,87.71502120281298,88.46981744062983,24745600
2022-12-22,87.15885925292969,87.93351515729785,85.72872061278274,87.55612082820765,27658300
2022-12-23,88.61878967285156,88.93659741222335,86.47358174924135,86.5133086638046,23003000
2022-12-27,86.79138946533203,88.33077520142463,86.4139951427837,88.19173478905765,20097300
2022-12-28,85.43077087402344,87.43693838041416,85.35132462222182,86.38420166698455,19523200
2022-12-29,87.84412384033203,88.2413853981384,86.01673128241025,86.02666490506726,23333500
2022-12-30,87.62564086914062,87.69516107639714,85.97700798686586,86.3842031844642,23986300
2023-01-03,88.5095443725586,90.4263244711382,87.91364821898763,88.97631857972549,28131200
2023-01-04,87.47667694091797,90.02907281249857,86.67222007582812,89.73112470288972,34854800
2023-01-05,85.60953521728516,86.97015357614328,85.31159473485968,86.87084008200145,27194400
2023-01-06,86.74172973632812,87.0893383476196,84.2787216281847,86.19550170469084,41381500
2023-01-09,87.41707611083984,89.43317735489786,87.25817602105704,87.75475111447206,29003900
2023-01-10,87.81433868408203,88.06262623356912,85.24208330842042,85.39105735353961,30467800
2023-01-11,90.89309692382812,90.97255075305516,88.40029554318691,88.56912924744373,26862000
2023-01-12,90.50576782226562,91.24070436753142,89.13522338270101,90.85337642641241,30258100
2023-01-13,91.48900604248047,91.55852625863116,89.51263154008814,90.22770095028685,26329200
2023-01-17,90.6646728515625,91.6180960310852,89.4331688584874,91.42939508883157,32602400
2023-01-18,90.49584197998047,92.1643344905254,90.0191265867673,91.50885177199906,29116700
2023-01-19,92.4126205444336,92.96878218001514,90.00919152538334,90.09857897517838,37000400
2023-01-20,97.34857177734375,97.62666017673301,94.36912140666584,94.44857523506278,63191100
2023-01-23,99.10645294189453,99.35474047579733,96.83213822208886,97.2790527522602,40005100
2023-01-24,97.03076171875,98.92768204637555,96.53418666885439,97.42802327409328,33078500
2023-01-25,94.56775665283203,95.50132020032594,93.11775837133916,94.91535768313268,42330000
2023-01-26,96.85198974609375,96.90165027955179,94.7266492407871,95.83898002689847,30114000
2023-01-27,98.68932342529297,99.63281294412907,96.6434291650943,96.6434291650943,33879800
2023-01-30,96.27597045898438,97.6167215415183,95.73966851054406,96.8122724074247,27226200
2023-01-31,98.16294860839844,98.20267552018197,96.15678881469911,96.20644934871194,29870700
2023-02-01,99.74207305908203,100.49686931883123,96.91159655644073,98.03385353408179,35531100
2023-02-02,107.00199890136719,107.11124602798093,104.8865917332853,105.07529269327897,69883800
2023-02-03,104.06227111816406,107.07151484914603,101.87734382713276,102.22494486291488,65309300
2023-02-06,102.19515991210938,103.64515833481778,101.18214243699336,101.69858479842287,31999600
2023-02-07,106.90267944335938,107.43898142309807,102.413644187333,102.51295768495851,49010200
2023-02-08,98.68932342529297,102.43349578854317,97.36843203721557,101.3509658685551,94743500
2023-02-09,94.35920715332031,99.34481806271576,92.98865496216061,99.31502476762708,119455000
2023-02-10,93.92221069335938,96.08727835366426,93.60440294400885,94.79618010978967,54980700
2023-02-13,93.9619369506836,94.54789190623137,93.19720708667369,94.0910437433125,50076100
2023-02-14,94.03146362304688,94.20029734281495,91.62804189662572,93.78317606675209,54726100
2023-02-15,96.27597045898438,96.45473777513115,93.50508084727629,93.84274823492368,50169000
2023-02-16,94.85576629638672,97.01090015224685,94.09103649131777,94.7167258913076,42462600
2023-02-17,93.70372772216797,94.9054386558104,92.57153700527724,94.20030286386164,34284100
2023-02-21,91.16124725341797,92.46227144068472,91.09172705052129,92.36295794756572,33629300
2023-02-22,91.02220916748047,91.4790573091785,89.98933214302377,91.07186212673855,30884000
2023-02-23,90.26741027832031,91.31022089448263,89.14515341427997,91.29035364966276,41206400
2023-02-24,88.51946258544922,89.27425875661521,87.97323459585745,88.82734425811887,36585100
2023-02-27,89.25440216064453,89.54241659872595,88.72802624317121,89.25440216064453,27502300
2023-02-28,89.44310760498047,90.60509913680653,88.70817855378289,88.71811217771574,30142000
2023-03-01,89.74105834960938,90.40646720714943,89.05578224361832,89.36366397752738,31111200
2023-03-02,91.36981964111328,91.64790048854901,88.9763239895768,89.04585177857054,32204400
2023-03-03,93.00850677490234,93.08796060004295,91.81672212919472,91.8465229964728,35160100
2023-03-06,94.47837829589844,95.31262842606304,93.35612126799852,93.37598093858426,32639300
2023-03-07,93.21707916259766,95.01467861504145,92.88933777532736,94.32941012372648,27835500
2023-03-08,93.60440826416016,95.30269423163304,93.35612070908282,93.47530146328849,34103300
2023-03-09,91.6876220703125,94.87563316082465,91.2705008234345,93.40577517359714,28813500
2023-03-10,90.00918579101562,92.15439352382006,89.78076552401157,91.5386377685595,35941000
2023-03-13,90.48590087890625,91.93589903010675,88.80747488424304,89.47288359347475,37335600
2023-03-14,93.3263168334961,93.7136447693308,91.806798381047,91.92597154460599,36050200
2023-03-15,95.45166015625,96.26604296450648,92.00542797274241,92.58145687000861,50622100
2023-03-16,99.63282775878906,100.49687116053911,94.84584409797657,95.54104620710785,65492000
2023-03-17,100.92391967773438,102.13555648041809,99.41432722588,99.57323488486855,61028500
2023-03-20,100.52666473388672,101.05303312899842,99.18591347561197,99.43420102629747,32960400
2023-03-21,104.20130920410156,104.38007652952844,100.52665677571322,100.55645006709534,42110300
2023-03-22,102.66192626953125,105.85986315524171,102.62219935716337,103.55575527784055,43427400
2023-03-23,104.87664794921875,105.5718575582382,103.74445745321431,104.34034599156392,40797800
2023-03-24,104.71775817871094,104.76741114179761,103.12871181724563,104.27083604812334,30393300
2023-03-27,101.75816345214844,104.04241182783166,101.23179508502922,103.90337141301279,31120900
2023-03-28,100.33796691894531,101.74823843257612,99.05680220795338,101.73831238577425,32057900
2023-03-29,100.69549560546875,101.7879592821989,99.96056659779713,101.57939865477051,28779600
2023-03-30,100.19892120361328,100.46707599580894,99.09652389599678,100.21878845043828,33086200
2023-03-31,103.01946258544922,103.17836266038097,100.34788640788328,100.60610755392301,36863400
2023-04-03,103.64514923095703,103.81398293626825,101.23179408733668,101.68864224254398,25035400
2023-04-04,104.002685546875,104.85679528719108,103.32734313772123,103.6153575922124,24420100
2023-04-05,103.75439453125,105.37322650348958,102.9499453565425,105.05541876730959,28290500
2023-04-06,107.67733001708984,108.4221925782105,103.61534982080275,104.53897969967772,48711500
2023-04-10,105.71089935302734,106.8530159093923,104.39994152058645,106.24720131772598,27067400
2023-04-11,104.62837219238281,105.99892431955422,103.9629633760187,105.82015698023338,26311800
2023-04-12,103.92322540283203,106.018772710828,103.62527734328293,105.84993901307934,24370300
2023-04-13,106.69412231445312,106.75370889955026,105.11500961516911,105.11500961516911,24843600
2023-04-14,108.12425994873047,108.19378015639614,106.10815877215703,106.15781931069009,26578000
2023-04-17,105.24413299560547,105.43283396741354,103.80406058968742,103.94310859537526,37571200
2023-04-18,103.7841796875,105.8102066882632,103.35712486512638,105.76054615516696,26596400
2023-04-19,103.46639251708984,104.26091574156263,102.363995142273,102.87050388730277,20905700
2023-04-20,104.56878662109375,105.52220991435789,103.1585151400448,103.19824205773932,27820800
2023-04-21,104.6879653930664,105.27392036941873,104.0622759226367,104.74755197991318,25800100
2023-04-24,105.24413299560547,105.89960821919207,103.98282793741743,104.76741754261379,23542800
2023-04-25,103.13864135742188,105.95919171793508,103.12870773434398,105.10508198445909,46664100
2023-04-26,102.99959564208984,105.62151129178214,101.92699171890646,104.20130635010432,53347600
2023-04-27,106.85301971435547,107.62768318681694,102.83076620158695,103.73452888709065,50089200
2023-04-28,106.604736328125,106.61466995148949,104.37014843058833,106.30679582140083,36139800
2023-05-01,106.46569061279297,107.2502801225946,106.0882962921976,106.10815596080403,26681700
2023-05-02,104.59857940673828,106.46569906649795,102.99960696869495,106.40611247881316,30997200
2023-05-03,104.6879653930664,106.75371203414588,104.24104326031167,104.80713856675996,21795400
2023-05-04,103.97289276123047,104.8766554674694,103.25782343309649,104.76740834360812,23419500
2023-05-05,104.84687042236328,105.15474457175311,103.39687198275944,104.10200774315436,26639300
2023-05-08,107.03178405761719,107.22048500326504,104.43966924058789,104.45952890885576,26511400
2023-05-09,106.61466217041016,109.39548549302289,106.45576209384788,107.64753918803392,36360100
2023-05-10,110.98452758789062,112.16637867324104,107.1906943752199,107.2304212898766,63153400
2023-05-11,115.77151489257812,117.11226610524719,113.62631446773452,114.60953101340723,78900000
2023-05-12,116.70508575439453,117.221520540522,115.31467391571066,115.88076924423699,41102300
2023-05-15,115.71192932128906,117.66843638362967,115.21535423245682,115.31466773479636,36266800
2023-05-16,118.69137573242188,119.92287978836107,115.63247147293116,115.69205805683869,45035600
2023-05-17,120.01226043701172,120.83657687966704,118.07562067620398,118.79068999623586,33323600
2023-05-18,121.98863220214844,122.46534002102402,120.00233194352047,120.12150510967228,35234200
2023-05-19,121.91911315917969,125.10712419543219,121.31329096834843,122.7037026780781,41353400
2023-05-22,124.19343566894531,125.56398021859039,121.89925355212753,122.09788813861321,35253000
2023-05-23,121.7204818725586,123.77630241228727,121.37288083002176,123.30952819924319,34046300
2023-05-24,120.07184600830078,121.07492970920181,119.0389690173856,120.29034023791623,34182600
2023-05-25,122.63419342041016,124.46158620190747,121.12460083147897,123.66706298908738,42317000
2023-05-26,123.7564468383789,124.40199598281583,121.61123877264411,122.32630812788905,35635900
2023-05-30,122.8228759765625,124.79925021039784,121.16431706152757,124.7793829644057,35076700
2023-05-31,122.02835845947266,123.210201954541,121.66089018583695,121.90917771682845,37325800
2023-06-01,122.87254333496094,123.56774544059134,121.7800796359126,121.97870664405423,30772700
2023-06-02,123.81602478027344,125.28589030532665,122.91226210287383,123.14068238937887,26980100
2023-06-05,125.14685821533203,126.55712967396519,122.99171653318454,123.16055782498627,32305500
2023-06-06,126.43794250488281,127.41122540355373,124.50130275345192,125.14685186297365,26638300
2023-06-07,121.66089630126953,128.15609177061813,121.28350196296054,126.10027879089003,52539000
2023-06-08,121.30335998535156,122.38589760029983,120.40952332556272,121.39274743989765,29389200
2023-06-09,121.39274597167969,122.91226448637528,121.07493822728019,121.41260564070839,23778300
2023-06-12,122.79308319091797,123.20027838695897,120.8266501491064,121.94890708399343,28306400
2023-06-13,122.98178100585938,124.30267248212147,122.33623191333673,124.1239051576865,22278300
2023-06-14,122.8228759765625,123.20027787907088,120.61808145375716,122.25678069993417,30592300
2023-06-15,124.233154296875,124.60062259691578,121.56158542388738,122.29651444683428,35246300
2023-06-16,122.683837890625,125.24616711855725,122.43555035095251,125.0673997869077,45535600
2023-06-20,122.25678253173828,123.7167144715317,121.30335929245436,122.08794882394656,26097500
2023-06-21,119.72425842285156,121.81980592970349,119.27733629111745,121.56158475873276,30306300
2023-06-22,122.30644226074219,122.39582213705168,118.01603392379701,119.17801777862638,26952200
2023-06-23,121.50198364257812,121.94890574873948,120.23075268459189,120.54856042408845,34913600
2023-06-26,117.52938079833984,121.16431385089092,117.45986059347797,119.9328098317089,33969900
2023-06-27,117.51945495605469,118.26431754249225,115.30472686510802,116.27801731199209,39535900
2023-06-28,119.35677337646484,119.56533397782131,116.04958188966893,116.2879357802001,27091400
2023-06-29,118.28417205810547,119.23759521795598,117.48965654679691,118.42321246201281,24090900
2023-06-30,118.88006591796875,120.25061792814805,118.87013987233996,119.34684768508002,29532200
2023-07-03,119.07869720458984,119.3667116396996,118.00609328979502,118.42321450872616,14467900
2023-07-05,120.9160385131836,121.77014830310253,118.41330330869808,118.42322935529762,27584800
2023-07-06,119.28726196289062,119.47596291107514,117.58897616063236,118.97938784922883,24745200
2023-07-07,118.66158294677734,120.2208283751295,118.58212911647212,119.27733118880711,21709500
2023-07-10,115.65233612060547,117.49959607260462,115.34446198765048,117.48967002628223,35315200
2023-07-11,116.33760833740234,116.9037036216299,114.55986865395298,115.49343222262571,23078800
2023-07-12,118.11534881591797,119.5057605551569,117.59891406672692,117.98624202290381,30404400
2023-07-13,123.68692016601562,123.97493461778386,119.62493212633821,120.1016475306422,44297900
2023-07-14,124.5608901977539,125.91157501012879,122.64411010204061,123.94514195311505,33283100
2023-07-17,123.79617309570312,126.2293880381479,123.34925096248992,125.07733775416551,25716200
2023-07-18,122.91226196289062,123.82595826213851,122.11773882963688,123.7465044333863,26193600
2023-07-19,121.19410705566406,124.32253142648887,120.96568677290944,123.74650254253834,37224000
2023-07-20,118.38349151611328,123.2399950067099,117.41020863971083,120.58828599937979,37906800
2023-07-21,119.19786834716797,120.16122512966996,117.91671142173931,119.79376445227325,72937900
2023-07-24,120.69754028320312,122.15747226159789,120.15131222994013,120.82665465609776,29686100
2023-07-25,121.37287902832031,122.3064425948192,120.19102792410442,120.52870291550938,52509600
2023-07-26,128.384521484375,130.08279971943918,127.44103189219841,129.1790446188331,61682100
2023-07-27,128.5136260986328,132.32733427349476,127.90780388799678,130.76808123057597,44952100
2023-07-28,131.67184448242188,132.82390225649658,129.67561820048323,129.8841712389039,36591200
2023-07-31,131.81088256835938,132.61533172518926,130.87731904908145,131.82080861382926,28055500
2023-08-01,130.64891052246094,131.72151454614948,129.78485955227697,129.88418063298246,23166800
2023-08-02,127.5006103515625,129.1988884784206,126.68622002320818,128.56327304220613,26273300
2023-08-03,127.57012176513672,128.5036852432117,126.54717841897386,127.09341398106743,20089500
2023-08-04,127.23246765136719,130.60917213492286,127.03384065014664,128.39445152048964,26147200
2023-08-07,130.62904357910156,130.7084974129968,128.1362420519994,128.27528247274873,22746300
2023-08-08,130.49990844726562,130.60915555721093,128.65264877726932,129.72525263284138,23535200
2023-08-09,128.7718505859375,131.1355376104998,128.11636785754888,130.75815086279874,24912900
2023-08-10,128.8016357421875,131.14547052700968,128.56327426848324,130.42047521494374,20857800
2023-08-11,128.6725311279297,129.03999183440246,127.29205302432788,127.7787020538132,19591100
2023-08-14,130.430419921875,130.47013926270824,128.07665875506092,128.50370607466445,24695600
2023-08-15,128.89102172851562,130.51978732378583,128.3944466671007,130.20198716469977,19770700
2023-08-16,127.81841278076172,129.38759173200384,126.99410396965816,127.81841278076172,25216100
2023-08-17,129.03005981445312,131.08588780571418,128.40437039897924,128.91088665122683,33446300
2023-08-18,126.58692169189453,128.3646614325963,125.51431767340387,127.62972484003718,30504800
2023-08-21,127.49066925048828,127.84820388077635,125.69307005391427,126.30882582321787,25248700
2023-08-22,128.19583129882812,129.3876085234466,127.44104259256599,127.62972840342931,22054900
2023-08-23,131.46328735351562,132.49617204970477,128.98041184919285,129.28828598704578,27819700
2023-08-24,128.89102172851562,133.3304039899065,128.68246868911157,133.0324559222039,28500700
2023-08-25,128.99034118652344,129.86430297876237,126.37835154683795,128.6526586317479,26762900
2023-08-28,130.1125946044922,131.63211310890395,129.24855883060624,130.41054267784654,20543300
2023-08-29,133.6482391357422,135.63453967615524,131.33419718764853,131.33419718764853,43075600
2023-08-30,134.94923400878906,135.3464879681579,133.15163483810414,133.85676288912396,28315800
2023-08-31,135.2372589111328,137.05472556870842,134.8598569913601,135.07835124446333,30053800
2023-09-01,134.73072814941406,136.51840112072355,133.92627910089126,136.51840112072355,21543700
2023-09-05,134.8400115966797,135.48555318747054,133.65816039280637,134.51227020074484,19403100
2023-09-06,133.53895568847656,135.59476830857517,132.75435870196637,135.08826726403294,18684500
2023-09-07,134.33348083496094,134.65129614991582,132.03930646435293,132.67492193999442,18844300
2023-09-08,135.44580078125,135.72388156671576,133.9262825055741,133.9858690804216,23558300
2023-09-11,135.98214721679688,136.5383090008467,134.8598824462357,135.60474522578932,20763400
2023-09-12,134.41293334960938,135.9324518179946,134.26396689359834,135.32662963976946,18405500
2023-09-13,135.7735595703125,135.96224536352338,133.231082533579,134.1646460710429,20749500
2023-09-14,137.15403747558594,137.74991845433803,135.30677764834488,136.6574624161584,24751000
2023-09-15,136.45884704589844,137.5711857021894,135.54515057577197,137.03487604637903,38919600
2023-09-18,137.26329040527344,138.2067800272706,135.6742440861328,135.6742440861328,21861300
2023-09-19,137.09445190429688,137.46192779650633,135.68418038774342,136.47870360736692,20353700
2023-09-20,132.8238983154297,137.13416606327112,132.7047099998862,137.13416606327112,29927500
2023-09-21,129.54649353027344,131.32422543245892,129.17903286515659,130.53964356941475,31503900
2023-09-22,129.35781860351562,131.1256248162355,128.71227701000456,129.8643197697657,26397300
2023-09-25,130.2119140625,130.27150064557682,128.0766473461499,128.94068310930032,20094600
2023-09-26,127.6893081665039,129.46704007370224,126.34854954817568,128.88108518598065,25718700
2023-09-27,129.6458282470703,130.00336294677095,127.6893361771831,127.6893361771831,22746500
2023-09-28,131.40370178222656,132.38692594507856,128.9009590113203,128.9506195526447,22513100
2023-09-29,129.963623046875,133.13177429920455,129.46704799551972,132.36704447692242,30859800
2023-10-02,133.25094604492188,133.49923356795875,130.27149576847927,130.31123025855513,22288000
2023-10-03,131.5228729248047,133.34033959843973,130.9369179473362,133.0225394165618,22989400
2023-10-04,134.3136444091797,134.64138580810248,131.62220058096094,131.88041418877737,26752300
2023-10-05,134.14480590820312,134.5619271771739,132.53589226586496,134.14480590820312,19832600
2023-10-06,136.63758850097656,137.2136173603073,133.0920354756824,133.0920354756824,27597600
2023-10-09,137.47183227539062,137.9882745602618,134.68108297486128,136.00197439996847,19278100
2023-10-10,137.11428833007812,138.7629209882009,136.38929306399436,137.55127676035323,27786600
2023-10-11,139.5872344970703,140.14339606826877,137.6307277992189,137.6307277992189,25884300
2023-10-12,138.01808166503906,140.25266956903684,137.3129383696769,140.08383585702484,24765500
2023-10-13,136.41912841796875,139.04104465384177,135.68419172640367,138.42529630545584,23420500
2023-10-16,138.14718627929688,138.67355462493762,137.04478905169177,137.22354879733518,28501900
2023-10-17,138.76295471191406,138.94171448359813,136.24034458016837,137.6804245719955,23515800
2023-10-18,137.01499938964844,139.75608830865576,136.4389704924277,138.4947833931161,23375000
2023-10-19,136.80642700195312,138.70334734005715,136.43896631236626,137.55128958091115,26066000
2023-10-20,134.67117309570312,136.9256131371894,134.1547307488375,136.38931869741043,26335700
2023-10-23,135.5649871826172,136.71704492317136,133.0324514241763,134.1149813844345,26317900
2023-10-24,137.8591766357422,138.40541227579737,136.47869846593147,136.88589368436072,44814300
2023-10-25,124.74960327148438,127.431105910532,124.21330122824784,127.2821394350233,84366200
2023-10-26,121.44239807128906,123.47835889189942,120.43931430693331,122.42561458962273,57061100
2023-10-27,121.33314514160156,122.46533564236815,119.38657186700053,122.0382807989468,44566500
2023-10-30,123.60746002197266,124.54102353676763,121.90917426730134,122.3660224021427,28940100
2023-10-31,123.23007202148438,124.51123661998803,121.84959392373723,124.20335492205861,26292300
2023-11-01,125.5838394165039,125.62356633365168,122.87254362109682,123.2201446747215,30082400
2023-11-02,126.61671447753906,128.09650612590542,126.06055280075913,127.54034444912548,27124600
2023-11-03,128.2156982421875,128.64274555866953,126.9841865255831,127.1430941962939,26393100
2023-11-06,129.35781860351562,129.4471984879827,127.78863940770145,128.16604134781133,19052700
2023-11-07,130.07289123535156,131.00645490781392,128.99036108505814,129.81467762235425,29757300
2023-11-08,130.93690490722656,131.30438074733325,129.88416823105302,130.0728691738139,26425800
2023-11-09,129.34786987304688,131.64204409766117,129.17903618057173,131.0560891965532,23747800
2023-11-10,131.68177795410156,131.89034615855235,128.52356767433983,129.2088437191894,26913300
2023-11-13,131.18519592285156,131.68177098364296,130.35095345774636,130.8773218098438,18324800
2023-11-14,132.70472717285156,134.7704814431392,132.4067942311074,133.27083007070482,32395200
2023-11-15,133.69786071777344,134.10505589307232,132.65506524316734,133.94614824111162,23861500
2023-11-16,135.99205017089844,136.28007221647312,133.3999426863431,134.26397851452822,28013200
2023-11-17,134.38316345214844,135.12802617040742,132.73453033204356,135.06843957763004,37240600
2023-11-20,135.31671142578125,135.72390663480266,132.70472161458173,132.774249400923,27815500
2023-11-21,136.0317840576172,136.2403371131516,135.02870781151344,135.35643404163898,22635300
2023-11-22,137.54136657714844,138.46498892143381,136.52834920416745,136.52834920416745,17813900
2023-11-24,135.75369262695312,137.1838312275909,135.05849057227317,137.08451015366452,12514300
2023-11-27,135.4756317138672,137.47185829728923,135.06843646690527,135.09822976260782,23436500
2023-11-28,136.2602081298828,136.30986867209273,134.49240193795245,135.1478847248758,18730000
2023-11-29,134.06533813476562,137.3427213579803,133.916356526449,136.6276672242787,23967200
2023-11-30,131.6221923828125,134.6215101750712,130.3807546555512,134.12493508416668,38988300
2023-12-01,130.956787109375,131.2050746615197,129.77493593648308,130.956787109375,31442300
2023-12-04,128.384521484375,129.1393101272626,127.02390307918412,128.9903436695441,36669900
2023-12-05,130.09275817871094,131.23487491745817,127.37152100730603,128.06672315933784,27384800
2023-12-06,129.12939453125,130.93692003300382,128.99035410803816,130.53966601076132,23576200
2023-12-07,135.99205017089844,137.61088985291832,133.77732945899103,134.11499689135425,56767100
2023-12-08,134.06533813476562,135.46566826562713,133.1119073660502,133.2807410653947,32260100
2023-12-11,132.37696838378906,132.42662891897587,130.4601959905728,131.47321332216674,31138000
2023-12-12,131.6122589111328,132.08896672831054,130.3608800539224,130.90711565395327,29032800
2023-12-13,131.6619110107422,132.58553329447562,130.6687609486113,132.46636013638545,30104800
2023-12-14,131.03623962402344,132.8040457651367,128.8016516772407,132.46637833464752,38722400
2023-12-15,131.6917266845703,132.59548187748211,130.2814400208757,130.71842854717318,50847100
2023-12-18,134.86978149414062,136.21052498571453,131.5228554792147,131.72149761509291,32258000
2023-12-19,135.71397399902344,136.52836446846126,135.1478862434252,135.9026749689795,25476800
2023-12-20,137.3923797607422,140.72936466802966,137.12424014761805,138.01806916656724,49107200
2023-12-21,139.45814514160156,139.72629993086744,138.22663347448133,138.5345227569631,27488300
2023-12-22,140.52081298828125,141.01738803787043,139.74615712326357,139.8057437045314,26532200
2023-12-26,140.5506134033203,141.7026560595198,140.22287203546634,140.62012603356706,16780300
2023-12-27,139.4084930419922,141.10678660446538,138.9317851744244,140.6201375358573,19628600
2023-12-28,139.26943969726562,140.1732099604458,138.7927318739171,139.8156753043673,16045700
2023-12-29,138.73313903808594,139.39854778247008,137.82936881563538,138.67355245713628,18733000
